old Multisig,new Multisig,returnAddress,amount,tokenSymbol,TX Hash,From Address
0x00e97dc9df137a4065418fe6475f9465b63d9f59,0x832a5acd6686492c47efc23799f976763cb6ba65,0x832a5acd6686492c47efc23799f976763cb6ba65,116800000000000,ETH,0x3c3ba2928338d7e8d871f516a546695964d5ad4f113d4d9971dff7d64ffed7b0,0x1DBA1131000664b884A1Ba238464159892252D3a
0x01dbb419d66be0d389fab88064493f1d698dc27a,0x1446bf7af9df857b23a725646d94f9ec49802227,0x1446bf7af9df857b23a725646d94f9ec49802227,56370777896189830879613,ETH,0x663f0787822d21ba22b3d8e8d633d0e22e70231cc4f89bc29c36881012abb27a,0x1DBA1131000664b884A1Ba238464159892252D3a
0x01dbb419d66be0d389fab88064493f1d698dc27a,0x1446bf7af9df857b23a725646d94f9ec49802227,0x1446bf7af9df857b23a725646d94f9ec49802227,3097000000000000000,ETH,0xc77a2e5b204bb5c68f639cd185fe169a3ad53552e6311d58b92c403e1ba89831,0xd1f27C48B948d49f3D098F499b8a1830d8a7e229
0x01e5be25eb25a0b4ffb73d34a0b5b72b49dafa7a,0x03447fcc5aecc0472f7e67fef89ebedaf6df7279,0x03447fcc5aecc0472f7e67fef89ebedaf6df7279,4060000000000000000,ETH,0x2092ae611e1a4a8b0e55d1b0118081a8f6808a2caf62391b4012c7a747bb9ea2,0x1DBA1131000664b884A1Ba238464159892252D3a
0x039704a4ecf78b0e1eef8f181a7838a0c68876ca,0x786e49f0830421e4f60df2aad00e9a367867e80f,0x786e49f0830421e4f60df2aad00e9a367867e80f,2000000000000000000,ETH,0x02281de916b2c81296bb97440baf6994cde73724991cdb60ede77301eeb8e4f9,0x1DBA1131000664b884A1Ba238464159892252D3a
0x03a62c4b61e7118025b8c253b2e09cf74ca0f31a,0xfecbcba2890cb9bae294537674e4f2dd4550f482,0xfecbcba2890cb9bae294537674e4f2dd4550f482,9000000000000000,ETH,0x740c5f6d7fc61577c07c0e0e5d4185cad27f0b0753c8973dd9e6f29c220733eb,0x1DBA1131000664b884A1Ba238464159892252D3a
0x062d1816ea36366a714c34b9b283f4d377dc0191,0xaf766478aa284bb69b85a344ca0072e86dc70025,0xaf766478aa284bb69b85a344ca0072e86dc70025,25000000000000000001,ETH,0x36ef85877694585467f28bede8928c7789808cad05249b366ba48c192d624e5c,0x1DBA1131000664b884A1Ba238464159892252D3a
0x06c1edc5d0fb879ab8b129dcff1f7b704782508b,0xc039518d5c96e03cdb15e5268043c69848a34f87,0xc039518d5c96e03cdb15e5268043c69848a34f87,100000000000000000,ETH,0xec208c6805b536555a963b7748e1f85d1e4a3caf0d9d2084f8399e9e964eb0fe,0x1DBA1131000664b884A1Ba238464159892252D3a
0x0ca95b38cd1551a3db33f2b7ebeb40db84eba8f9,0x18589669e1596f19e8bd77cd27083465e6de5340,0x18589669e1596f19e8bd77cd27083465e6de5340,9000000000000000,ETH,0xfdb2e9534e01c996fe84f96ede5caf66940a6422cc8fb0ece99ac3c247ff65db,0x1DBA1131000664b884A1Ba238464159892252D3a
0x0cc12572d4028e492a919fe82feeda53fe43782f,0xb2c0c13a0a6adbc30b6907e50a0855ee3365f100,0xb2c0c13a0a6adbc30b6907e50a0855ee3365f100,4930250000000000000,ETH,0x19f540d18f4fea74365aef30267050e54ff435653c36dd6d101f130d3846997b,0x1DBA1131000664b884A1Ba238464159892252D3a
0x10df28c3ccf3300dd8ff924d9f15440f46d918f7,0x02e9da9a030bb80aedd37055d70352651a289628,0x02e9da9a030bb80aedd37055d70352651a289628,90000000000000000,ETH,0x5d5e453d9c4c160438401a5dcb831f01aeeafed7e5769c8b2c68900d6bbccce9,0x1DBA1131000664b884A1Ba238464159892252D3a
0x111115111fd0953445d624ceaac28d0ad0c9e74f,0xa25f3992a062544211fc70a39126aafb330c790d,0xa25f3992a062544211fc70a39126aafb330c790d,74397842804882440926,ETH,0xc2be00dae903fd91c52f87e0ecd92be5998d30f3d1fade63372fda4702fd98bd,0x1DBA1131000664b884A1Ba238464159892252D3a
0x111b3d565f5da36b1decdf19dfbb26dc6cd970c6,0xc0007ad0bd9ca4e53f62ac0a83ebfb5ac436126b,0xc0ffeece5397f30e18a8dd7a92644178675fbbbe,28419574759402935608,ETH,0x70e80483082ea7d243509531d8626e0d120d1f2497df5ea9d71ee17dc99eb81b,0x1DBA1131000664b884A1Ba238464159892252D3a
0x164c2b90f83b67d897ff00899695430841e38536,0x147df96860e20e30d52c26161a2df98c7bd86e9c,0x1dc13a6276219040dae085eeba0ed5e94553767a,147569289484035663753,ETH,0xc2f90a622e7457122e7db350478e4365bd5da30c0725df81e122ccc03057334d,0xd1f27C48B948d49f3D098F499b8a1830d8a7e229
0x1971066fa9419a03a07cca394204915818d6c140,0xcb6ef0ca25d06ec03b6bb01189b7e10635d0ce23,0xcb6ef0ca25d06ec03b6bb01189b7e10635d0ce23,9000000000000000,ETH,0x1d62ceb4679408a1725ab34b19a88573bc2329d573834548476a0d19b30fc1fb,0x1DBA1131000664b884A1Ba238464159892252D3a
0x1f4fe4426bb6936b1007bb0a30f2f46e7c1b64dd,0x3da37572c341604ea69c294b8c4d1080388b5116,0xc177c7b397e5cc44370921a07e6c8fe8704c1df7,6272601576000000000000,ETH,0x7191957c9006ccba8db6c71a3e98e963443bfdc1f81589ba1cad6026217e38f1,0x1DBA1131000664b884A1Ba238464159892252D3a
0x1f6cbb740f7eeb4806276376e7378dd1fa36fc11,0xf48236dbd776128a1fef2ae40bfbd3dcefe5397b,0x00a7ae45065561a234831473a656b360a5ca72a8,993861778431750000,ETH,0x2f4628cffed82b04be12bd6f7c8a59694017516038407813d54d77a93fbb940e,0x1DBA1131000664b884A1Ba238464159892252D3a
0x20b014a0b669906781250cdcf9966d5c4ce1527a,0x60ecfc61e27152daffc7931448ac9dde0dcaa37a,0x23c2c34f38ce66ccc10e71e9bb2a06532d52c5e9,33503592326936608482886,ETH,0x35943fd421f651dce7ca92ff7de68b24e75d51af436fba6826ea5fc50d4f41c8,0x1DBA1131000664b884A1Ba238464159892252D3a
0x21d32aa7d6f763a21276189046f45423dc37b14e,0x8b394fb545f087573d592e8b01b0d61f7aedc137,0x8b394fb545f087573d592e8b01b0d61f7aedc137,9000000000000000,ETH,0xdb3968cbcfc2dfa1928d605e6aab1caed9f172a9f763b1045bbc1c52def46dd1,0x1DBA1131000664b884A1Ba238464159892252D3a
0x223cc19bf2fcc7219e0518c89a735b99091a57e9,0x8935c64c5f93458266c6283d6b4dfc8798cffce9,0x8935c64c5f93458266c6283d6b4dfc8798cffce9,4500505300000000000000,ICN,0x940ed8d0460ac7eabc58294306b0b25d7798f59ce07f6d00a994bca735539f5e,0x1DBA1131000664b884A1Ba238464159892252D3a
0x2270be634ed8130a0402cd106de1f04ea35fa0a9,0x6e1fe030ec2976da90c6f2c99a2b6c271fb525ad,0x6e1fe030ec2976da90c6f2c99a2b6c271fb525ad,10000000000000000,ETH,0x6de297d930f56a9176429f6b59e96bc4ae36a073de10948b1f738e8b0416c1ed,0x1DBA1131000664b884A1Ba238464159892252D3a
0x22dc62c96de482743b231f29326a3d18b2d73eb2,0xb0ff60748787face47b3dd200d32fc0f51692666,0xb0ff60748787face47b3dd200d32fc0f51692666,100000000000000000,ETH,0x15c332212721be68e818c93e872292ed1fdfda332f529352983b9d2968a67144,0x1DBA1131000664b884A1Ba238464159892252D3a
0x22dc62c96de482743b231f29326a3d18b2d73eb2,0xb0ff60748787face47b3dd200d32fc0f51692666,0xb0ff60748787face47b3dd200d32fc0f51692666,54298200000,STORJ,0x988489ec106ea4fe549529f380412d558e25fc1c72c83d1a1764abe889814b20,0x1DBA1131000664b884A1Ba238464159892252D3a
0x248743463983b3b0c667717bb8c30e5ac79199bb,0x58675fde5602338928f69a0937f0ad22071b37d5,0x58675fde5602338928f69a0937f0ad22071b37d5,5000000000000000,ETH,0x2984870cbfb8dd8471281abc0f4c610cadcfe1c1d068bab72f3c4440361e08c7,0x1DBA1131000664b884A1Ba238464159892252D3a
0x248c9bae4fee646906821155ef1a538e7ca978ec,0xd2c6f8a5664d5c83386570230e72757e568100b5,0x00133f358c55671599e8ff2c9e85bfa5856d5a98,1452206529871658101802,ETH,0x83073bb4c58ce2b9aee0ee41ba1ef2bba754980fa152ce17607de60975cbeaac,0x1DBA1131000664b884A1Ba238464159892252D3a
0x2499e22e19b0af3c1ab82071db2a9c4fd7ed328d,0x17e69da1b3190e64cba9550147673b248bfef427,0x17e69da1b3190e64cba9550147673b248bfef427,1000000000000000,ETH,0x0463c4fca6226acecdef57b87f696d1e3d606edfd000fcad20b0ae93f7c9e6ff,0x1DBA1131000664b884A1Ba238464159892252D3a
0x25e4af0dd6f4f7127a82a5a82a53e1e6aace4835,0x309b4f147bed8b0c410d7eab9871fe37f26876a8,0x309b4f147bed8b0c410d7eab9871fe37f26876a8,28000000000000000,ETH,0x4e5ea18bae1692a43871a419c20851532fdcd5e242ae88dc44514032696503f3,0x1DBA1131000664b884A1Ba238464159892252D3a
0x260a28a165081f5cfe94454543514e76ae746410,0x13d200f00b7801d3d995e8d23f19fa80b8db9149,0x13d200f00b7801d3d995e8d23f19fa80b8db9149,60000000000000000,ETH,0x706aaa7fb917eb43701673886158979da7cf816654915778719acdab8a2f06f6,0x1DBA1131000664b884A1Ba238464159892252D3a
0x26afa29ce626d9dcc331ad5e0fbd454ad6362c7c,0x324567117a613d0a267a791766bf37682e2354e9,0x324567117a613d0a267a791766bf37682e2354e9,6500750000000000000000,ETH,0xc68ed2e8c0c01439d4a27ba31ead471e5220dd966161b5cd21bf0dee755202a0,0x1DBA1131000664b884A1Ba238464159892252D3a
0x2993753c24323d9152e69f6589109f67b2921dac,0x87af3c6dd31cfda51a1a331ebc61c087e7cee6ec,0x87af3c6dd31cfda51a1a331ebc61c087e7cee6ec,19000000000000000,ETH,0x8cc5c706df5807d7db8b54febf17239065c040c7f4a6d29ca466eeacefac2c94,0x1DBA1131000664b884A1Ba238464159892252D3a
0x2aab51f6c6dac9c4484e22220bf97dfe1431950a,0xb1d4a0515b0c6ff763b5e6daf4d2f6f8cb93c95b,0xb1d4a0515b0c6ff763b5e6daf4d2f6f8cb93c95b,20808085094,TRST,0x98047a707dab61c7f1a4e28901f1bd9927ee91724cdcd5316035c327aca6435f,0x1DBA1131000664b884A1Ba238464159892252D3a
0x2c6647d4c95b9e064ceb48727cb4f4918c16d824,0xc543f89ef8f38c850db88be0f3e214088c1f9d74,0xc543f89ef8f38c850db88be0f3e214088c1f9d74,50000000000000000,ETH,0x94af9c94ee860980c8796c510adad5388701b2070f1e594987624d346576b6d5,0x1DBA1131000664b884A1Ba238464159892252D3a
0x2ddf00ef072b0375fd4c6f0acfd4cbe0065f9a69,0x10950b7da1217a6d8b46526d32520e6c38711f2e,0x10950b7da1217a6d8b46526d32520e6c38711f2e,70000000000000000,ETH,0x7761287b3afa5af621279cc169e3b2465a4465c1743cb163509575393ab2a702,0x1DBA1131000664b884A1Ba238464159892252D3a
0x3085335d03541c007fb7b15e9112ca1f364ad8bb,0xb9270f0f1fcad1019f5c3ab140d30d3aee3e1f35,0xb9270f0f1fcad1019f5c3ab140d30d3aee3e1f35,290000000000000000,ETH,0xcf24a2069c0477fa2c1274eaf9383e43f389dd08420328562efadb5f1a59b684,0x1DBA1131000664b884A1Ba238464159892252D3a
0x30b3c64d43e7a1e8965d934fa96a3bfb33eee0d2,0x1e757c0b7ae8caae96e0dbd147af74ce65659331,0x1e757c0b7ae8caae96e0dbd147af74ce65659331,20000000000000000,ETH,0xd91e7c4203555cd2f92c074194718a3179384d74281a64b2ce0286718da3d3ca,0x1DBA1131000664b884A1Ba238464159892252D3a
0x327bb6e6fff2c05e542c63b0fcfdd270734738ef,0xd416335e4d5f7b14fc438f259d9e1d5c86477181,0xd416335e4d5f7b14fc438f259d9e1d5c86477181,2000000000000000000,ETH,0x35870606835bbc1fb0841bdc663e39e741490afc933da75580338a8eb611832a,0xd1f27C48B948d49f3D098F499b8a1830d8a7e229
0x32a5b17b23d70124c9910b177b131ce3281a930b,0x12cbbd336cbf3ab3f0fdae21226f2d24a7920ea0,0x12cbbd336cbf3ab3f0fdae21226f2d24a7920ea0,55000000000000000,ETH,0xb5406d0fe9b47d8061509945ecf1b72180f702758bd9a7bf405151dac564f56e,0x1DBA1131000664b884A1Ba238464159892252D3a
0x3b135dbf827508d8ed170548f157bdcd2dc857d3,0x7565976a34efed9c0b70e962e24f183b592cb5f8,0x7565976a34efed9c0b70e962e24f183b592cb5f8,1500000000000000000,ETH,0xb7d7d2a30e871b09affb535540f7db9bb7af3737c4c4cec41a38a70bb3881a32,0xd1f27C48B948d49f3D098F499b8a1830d8a7e229
0x3cb96f3d6b66c55c2942ebe70826f7a15b044a8a,0xde967734f602db0b83dba794e68e1d5f38b3c75f,0xde967734f602db0b83dba794e68e1d5f38b3c75f,1438045657734000000000,ETH,0x6e20b7612cc1cb4bc9185f96e6539d3c5b5d33379276f84bbe5928a8b72c80f7,0x1DBA1131000664b884A1Ba238464159892252D3a
0x3cb96f3d6b66c55c2942ebe70826f7a15b044a8a,0xde967734f602db0b83dba794e68e1d5f38b3c75f,0xde967734f602db0b83dba794e68e1d5f38b3c75f,249999990000000000000000,BAT,0x62ab864b5a951415c82aab153c720a4c77bcd0f601ed384e3775e0bb73cfe7ef,0x1DBA1131000664b884A1Ba238464159892252D3a
0x3cb96f3d6b66c55c2942ebe70826f7a15b044a8a,0xde967734f602db0b83dba794e68e1d5f38b3c75f,0xde967734f602db0b83dba794e68e1d5f38b3c75f,1090549855887740000000000,SNT,0x6c9af0799a52e07ea3a798a202ef87eae8981d596475f25c839755252e49d387,0xd1f27C48B948d49f3D098F499b8a1830d8a7e229
0x3cb96f3d6b66c55c2942ebe70826f7a15b044a8a,0xde967734f602db0b83dba794e68e1d5f38b3c75f,0xde967734f602db0b83dba794e68e1d5f38b3c75f,6999980000000000000000,ANT,0x4668e14626567386f666fb72d076f7e25638390c2c0bfdabcb4eec94ed4d3ff8,0xd1f27C48B948d49f3D098F499b8a1830d8a7e229
0x3d52571f1ce8f035da1c1ed716f3055790274549,0xfc949d6501a21be57c4edfa378f53a5fd0ce9d15,0xfc949d6501a21be57c4edfa378f53a5fd0ce9d15,100000000000000,ETH,0x4a60f85d6e76fbf19a2ae2b579536f70b7d3a414ac085ac4f6e5275be4bf9bda,0x1DBA1131000664b884A1Ba238464159892252D3a
0x3d578574e5f8e5db7936b95220e335dca7e8bbce,0x7f16d37b2919fa96cc8a35ee0d7546f998ff4ecc,0x7f16d37b2919fa96cc8a35ee0d7546f998ff4ecc,38178750280000000000,ETH,0x8ff94abec404c507ea924d432b43d1064b064fc07edb228e2a4cbad7bfcd171a,0x1DBA1131000664b884A1Ba238464159892252D3a
0x3fec3c6e014e28566000a1be3cfcb43327d4b743,0x67faa7a9700f22e7c88cf7e099e58baf59a45fbb,0x67faa7a9700f22e7c88cf7e099e58baf59a45fbb,209000000000000000000000775,CFI,0xc01d26530efab2f7e6434ffe026c29d142eada680d7885c32bed29c649259a71,0x1DBA1131000664b884A1Ba238464159892252D3a
0x3fec3c6e014e28566000a1be3cfcb43327d4b743,0x67faa7a9700f22e7c88cf7e099e58baf59a45fbb,0x67faa7a9700f22e7c88cf7e099e58baf59a45fbb,44227178000000000000000,ETH,0xaabffa05170fe970ab222b252d2deac5f58af325be2d91f30aa0e3f85d729a31,0x1DBA1131000664b884A1Ba238464159892252D3a
0x4013f4f6ec28f84ea9071336466bf8916f179852,0x58eb0c8c2adb977162a83ad94adb12cc186bd203,0x58eb0c8c2adb977162a83ad94adb12cc186bd203,5390000000000000000,ETH,0x602b5fddc16d532a0a2ad4d6181ba5be8c23ee3195beac3034cc898a8169cdbe,0x1DBA1131000664b884A1Ba238464159892252D3a
0x4013f4f6ec28f84ea9071336466bf8916f179852,0x58eb0c8c2adb977162a83ad94adb12cc186bd203,0x58eb0c8c2adb977162a83ad94adb12cc186bd203,330000000000000000000,CAT,0x96c9fb04136dc11f0ed6ad9da4c44c635831ecdd5180ba7f19614b4c8016af56,0x1DBA1131000664b884A1Ba238464159892252D3a
0x4022cc301cdfc1df7e1db82c7a0b4448ec1c4df8,0x3a47215866b4d927b391c8f15c15002e72e46bab,0x3a47215866b4d927b391c8f15c15002e72e46bab,10000000000000000,ETH,0xcdff294bd0e9ef67829eff96a043e4b5c7b024310f4cd66aab4a70af96ee46dc,0x1DBA1131000664b884A1Ba238464159892252D3a
0x40f69798812a1b2498d788a69e7e8edbadb72aad,0x4ea71f27b68d1fcd0ca121cff67aabce30c71868,0x4ea71f27b68d1fcd0ca121cff67aabce30c71868,2209990000000000000000,ETH,0xe68461eff132213309cb2b9a445f8e7ad4c8aef8c9240fbfa8619c3dec53b4ce,0x1DBA1131000664b884A1Ba238464159892252D3a
0x40f69798812a1b2498d788a69e7e8edbadb72aad,0x4ea71f27b68d1fcd0ca121cff67aabce30c71868,0x4ea71f27b68d1fcd0ca121cff67aabce30c71868,840000000000000000000000,PAY,0x9880801016823f869678ffbcdc197ccc832700fa268609bccbe6dc586df70a64,0x1DBA1131000664b884A1Ba238464159892252D3a
0x43c0d31adb89df0e6b02bf2bd9acb0696fe41e46,0x5928dd503b82c024e96b41b353aa0704d54ef842,0x5928dd503b82c024e96b41b353aa0704d54ef842,2000000000000000,ETH,0xb4ebe96581470870936b6db59632dc839d732745c5bc60130bafa98fd8a1d2b8,0x1DBA1131000664b884A1Ba238464159892252D3a
0x475f51c7e51e383f70156cf1fa6c21ba0de0ce69,0x38da9317835135d017353e5f43be03d46f3e49dc,0x91d22a58414ad0e6d4f385cc6e88bd34e51d7d5a,33009396386820,RLC,0x91e6e807dab5585b31ffdbb5194f92fe1dd7d52410c2a5981c12f7d3a3cd27b1,0x1DBA1131000664b884A1Ba238464159892252D3a
0x475f51c7e51e383f70156cf1fa6c21ba0de0ce69,0x38da9317835135d017353e5f43be03d46f3e49dc,0x91d22a58414ad0e6d4f385cc6e88bd34e51d7d5a,24883441,GUP,0x555ba7d0fa389b04bf3d2b777c9ca54220d471cb8790791e2ba90b4058aaf030,0x1DBA1131000664b884A1Ba238464159892252D3a
0x475f51c7e51e383f70156cf1fa6c21ba0de0ce69,0x38da9317835135d017353e5f43be03d46f3e49dc,0x91d22a58414ad0e6d4f385cc6e88bd34e51d7d5a,858320982740,DGD,0x1defcd6014fe8882d56111e0c3179ff9a9a4fa9e4ab0872132f41f36a977d63b,0x1DBA1131000664b884A1Ba238464159892252D3a
0x475f51c7e51e383f70156cf1fa6c21ba0de0ce69,0x38da9317835135d017353e5f43be03d46f3e49dc,0x91d22a58414ad0e6d4f385cc6e88bd34e51d7d5a,41687240513,TRST,0x6e3125e98fd5863a70c1197c3210b4560a01d0e2d962a3801cc257364374185f,0x1DBA1131000664b884A1Ba238464159892252D3a
0x475f51c7e51e383f70156cf1fa6c21ba0de0ce69,0x38da9317835135d017353e5f43be03d46f3e49dc,0x91d22a58414ad0e6d4f385cc6e88bd34e51d7d5a,153759260000000000000000,GNT,0x63380a0a2fe930c1a4bb8e710a8d98c09dc3851c0ea57752768d85e6f02f7b3f,0x1DBA1131000664b884A1Ba238464159892252D3a
0x496d9b487b78090d9ba0b15950da35bc213dd4bc,0x503b95870ffe0165764e26f3201de59dc6c82538,0x503b95870ffe0165764e26f3201de59dc6c82538,147306914000000000000,ETH,0x0ea9f4abde13a09db09071e691501fa9cfdbc071779cd1e8e0e5d15b4e867e93,0x1DBA1131000664b884A1Ba238464159892252D3a
0x4c7e21914b6a1c7183455134e24023e88ee90cd1,0xa54d0578177bfa14df82458a55466b44e2a33d30,0xa54d0578177bfa14df82458a55466b44e2a33d30,1071610360000000000,ETH,0xf3a30a9726475634e18f5b213a48f9cccbd49c3acaa1c92a4f779fb18571d19a,0x1DBA1131000664b884A1Ba238464159892252D3a
0x4e2c8e58aefaf56b8eaa5d3a5c23cbfcf96c9aed,0x3d5e00a840347cbc189a834e05e3e05c314eeef4,0x3d5e00a840347cbc189a834e05e3e05c314eeef4,9000000000000000,ETH,0x0c18f8efec1c2df230204fd7f1d75e36526d795360d8f2cd124bc04d42b000cf,0x1DBA1131000664b884A1Ba238464159892252D3a
0x4e2d0c204554c7f9cb1e3b3ac1e83dd3b4fc9622,0xb3ec214cc056b637662a20457a417a4568291690,0xadf60ee5277fcfc38ae3c96d1be29d9a969dc506,678041000000000000000,ETH,0x4dc912dffa19de21d7a63dc34876021865f1d6368def1914917b3b07cc5b4041,0x1DBA1131000664b884A1Ba238464159892252D3a
0x4e2d0c204554c7f9cb1e3b3ac1e83dd3b4fc9622,0xb3ec214cc056b637662a20457a417a4568291690,0xadf60ee5277fcfc38ae3c96d1be29d9a969dc506,100000000,TKN,0x6ae20a7263064e5233e30b78b836b9d16855d8eb6544cd1e847139d80ac389dd,0xd1f27C48B948d49f3D098F499b8a1830d8a7e229
0x50073fbd5814cad94e60e85407dca3695d8d0439,0xb4b8e5bfa9ba09da2acbea4acaaaf4e2bf0585fd,0xb4b8e5bfa9ba09da2acbea4acaaaf4e2bf0585fd,5000000000000000,ETH,0xf380de492064d0d3dd1007c8582c73e0ae41cf46e4c556d78d0846a75e187f16,0x1DBA1131000664b884A1Ba238464159892252D3a
0x50126e8fcb9be29f83c6bbd913cc85b40eaf86fc,0xd9482c1d3270dbd8b1f4247ac85eb8aee8012b17,0xd9482c1d3270dbd8b1f4247ac85eb8aee8012b17,550000000000000000,ETH,0xf8d4144fcc1ce20c0b958f3f1f6c0aeaf12601212b32d6e3bc008d9e568c4ad3,0x1DBA1131000664b884A1Ba238464159892252D3a
0x50532e594bc045b75df5e57187e2e24d4655c21e,0x8f6eae31d20d1e65b1bf6a2ebc70a54f4bef31bc,0x8f6eae31d20d1e65b1bf6a2ebc70a54f4bef31bc,1006000000000000000,ETH,0x3974b43bb098007f0a8a234e776644777241a37735ee9e1822782520fae8d83e,0x1DBA1131000664b884A1Ba238464159892252D3a
0x51ac2051db10b0d05462ef1d7c3f7afd43ed8be7,0xd6ebfc894fcd03608f1a685d475eb2ea85dd0b12,0xd6ebfc894fcd03608f1a685d475eb2ea85dd0b12,18982748469600000000000,GNT,0xec5e1445bf394a29f4fc7a982822f54a36daafa82f2b7432e9ad549c3f076584,0x1DBA1131000664b884A1Ba238464159892252D3a
0x539077c6e8a7dbf9fd13c16925a9504e3c6e24b8,0x62b6e0779bc8ea5109714445af0014ca71bab885,0x91d22a58414ad0e6d4f385cc6e88bd34e51d7d5a,13000000000000000000000000,ICN,0xfa6aa3ef18d9aabdf1c06c053dd17c3f2dcef4e1851083060d2223ba46cde6d7,0x1DBA1131000664b884A1Ba238464159892252D3a
0x54d920b15a6fc49f7c206df8924d5c192da4228e,0x77e14c3dfaf0523ae0f1318343ff456f3d77fe36,0x77e14c3dfaf0523ae0f1318343ff456f3d77fe36,3000000000000000,ETH,0x781120a8795da21820279f5a8e2caaf17180379ec35e630b5da5a46f6ac5fb77,0x1DBA1131000664b884A1Ba238464159892252D3a
0x55f206ccea40fb17134258f11e732f358a10822a,0x7511eac5c657731574285815888d49ef0f793233,0x7511eac5c657731574285815888d49ef0f793233,8885180000000000,ETH,0x765ba25251e7f7310ac082608386bf2c83652db309fc1696036f86468886ddb7,0x1DBA1131000664b884A1Ba238464159892252D3a
0x5aff03be8357d53f4758db5894744f51d515e41f,0x86a4e5f0711fb5cefb14d17843c80672d48d44df,0x86a4e5f0711fb5cefb14d17843c80672d48d44df,734364468170185838,ETH,0x34c7a2f59a5b7d1928d66881b43b7730bdd039307a518d0ffba765b369bd6cfd,0x1DBA1131000664b884A1Ba238464159892252D3a
0x5e341eec52820ec1c1841f20d9ea67973e8c4ee4,0x4c69c0098702fc32812f86f1d4a9ada4b2acfb88,0x4c69c0098702fc32812f86f1d4a9ada4b2acfb88,60342600000000000,ETH,0x07b59e84135af8a7a9ddcb24be66ecb265544dc74506192240296997853a6a52,0x1DBA1131000664b884A1Ba238464159892252D3a
0x5ed38634c678a8d5a95234b4b7b2ca07e5bb80a0,0x03d0a45aea9e63ca63173555549ceeddc5f5c789,0x03d0a45aea9e63ca63173555549ceeddc5f5c789,1109664063772724648,ETH,0xfce28c9a1d25f29b71853bd15892acb52f848093a3f626d102700bd3b204f5d9,0x1DBA1131000664b884A1Ba238464159892252D3a
0x5eef2747f49ce446f10036ddf48af6b27c3d61b7,0x71e896ca700ffd0741499822e2ff470b232c43dc,0x71e896ca700ffd0741499822e2ff470b232c43dc,50000000000000000,ETH,0x821ba9dadc0381e2043e5a301ff61a6ab6dfd4989355feef39164df491806166,0x1DBA1131000664b884A1Ba238464159892252D3a
0x6263c353994c14654f2b8d343dc8de2f0eecbea0,0xe0c8601578242828ab8aa3f44b1e6b700592ba96,0xe0c8601578242828ab8aa3f44b1e6b700592ba96,4500000000000000,ETH,0x5fc077aaea593a0c63aeecdc40596daabcdcb484af5a608d26335717776af311,0x1DBA1131000664b884A1Ba238464159892252D3a
0x637cc72b210546e0af1590fd2c9153501f3d1bfd,0x00fe8ef58dc8282cac6e1d275acf0821c5084e88,0x03118e02ce007a0f0d1c9d806c2a7d5ae2f26995,92983000000000000000000,FST,0x4aa8c1044970d6511521bb9f1074fb076791f73d5a1b02a599da73f137906384,0x1DBA1131000664b884A1Ba238464159892252D3a
0x637cc72b210546e0af1590fd2c9153501f3d1bfd,0x00fe8ef58dc8282cac6e1d275acf0821c5084e88,0x03118e02ce007a0f0d1c9d806c2a7d5ae2f26995,1071673822858548784718,ETH,0xe74a1e312010a2f3e8a8ce1030b1f6264b188903fa4f748d3eacda160de3435f,0x1DBA1131000664b884A1Ba238464159892252D3a
0x637cc72b210546e0af1590fd2c9153501f3d1bfd,0x00fe8ef58dc8282cac6e1d275acf0821c5084e88,0x03118e02ce007a0f0d1c9d806c2a7d5ae2f26995,12000000000000000000,GNO,0xc23026bb050aafa915cb957ca9bcd3df4187ce30d77cca1d28c943337411f941,0x1DBA1131000664b884A1Ba238464159892252D3a
0x651a3731f717a17777c9d8d6f152aa9284978ea3,0x037b5214e78154292ce5e6542e13ae28cbb3d295,0x037b5214e78154292ce5e6542e13ae28cbb3d295,102420000000000000000,ETH,0xd7880490cdf0b2cdadfa38fbac5e7a78fc18d5384b2ab0169a31d9735fd0d680,0x1DBA1131000664b884A1Ba238464159892252D3a
0x69ad38baa72a277cb83d1eccc6279552e0f25dc0,0xf8e2641de6dc60005e91c6b6ba3565e8c786b444,0xf8e2641de6dc60005e91c6b6ba3565e8c786b444,11000000000000000,ETH,0x96e8b20c0c277d2bf743d7678d343e55e4bc427ed6901f4093f5e1b61aed8077,0x1DBA1131000664b884A1Ba238464159892252D3a
0x6a45c0ac25b9e6e4b07d9a37fca6de56766872aa,0x8bf4124ab6b69d4c86bfce597286d2a4473b8db5,0x8bf4124ab6b69d4c86bfce597286d2a4473b8db5,9600000,GUP,0x759c9f94178e355b98b68fc4da4323feeb00a57c8617169483bee5e1e7054873,0x1DBA1131000664b884A1Ba238464159892252D3a
0x6bbb55bde42bb38f0fe70f3579c762bd6904813c,0x1945bd97b65bc6adde161bc9051afcbc36de26aa,0x1945bd97b65bc6adde161bc9051afcbc36de26aa,198315377,STORJ,0x5b6dba28e1665ff1bae7fd786f5764727abd759c192fc9ba50bf473af715f649,0x1DBA1131000664b884A1Ba238464159892252D3a
0x6cb2bc8af04dc5da25dfa001be49d65872e32e79,0x7623ba56c9ef6d82fc6c789d42dd2597a29407bf,0x7623ba56c9ef6d82fc6c789d42dd2597a29407bf,9000000000000000,ETH,0x398e8486bb0f6b72d7761ec3963c5bf7034c33a7afea4f0245867c97fe05e47a,0x1DBA1131000664b884A1Ba238464159892252D3a
0x6dbb825564e85925b0414fdbd41f764ec475c59b,0xadbda5288a6e348445604e9f5860457f6132f5a6,0xadbda5288a6e348445604e9f5860457f6132f5a6,10000000000000000,ETH,0x9b522bf4c8e7b8fffb6cdd1a64d0e5d609acc57e2b370cae6b5bf488a8280d77,0x1DBA1131000664b884A1Ba238464159892252D3a
0x72a7197bbccbe6ee1e9c688645436ed06017768a,0x1c10ad0b5f1b4013173f05b4cc05a60cbbaa6536,0x1c10ad0b5f1b4013173f05b4cc05a60cbbaa6536,47584966474107188344858,ETH,0x2f43573937301a71f9ae1d3b15121ade5bab7399d625a9af50ba5f88179bae3a,0x1DBA1131000664b884A1Ba238464159892252D3a
0x73f879679b0fd8b25196834fe3e7a9615ea1b608,0x199b5413311768050f8e2ff1c6e2c77ba28399e9,0x199b5413311768050f8e2ff1c6e2c77ba28399e9,299995048589999999990,ETH,0x29566d78b37e508c5d2bb0ba67380c6c3d7aac10d86d6cbe2d051d74645e01d8,0x1DBA1131000664b884A1Ba238464159892252D3a
0x73f879679b0fd8b25196834fe3e7a9615ea1b608,0x199b5413311768050f8e2ff1c6e2c77ba28399e9,0x199b5413311768050f8e2ff1c6e2c77ba28399e9,1890601525423728813559,GNT,0x75a238ab620698291b60f634e6793877fff15ac24dd79118bccbf7b38a4762a4,0x1DBA1131000664b884A1Ba238464159892252D3a
0x73f879679b0fd8b25196834fe3e7a9615ea1b608,0x199b5413311768050f8e2ff1c6e2c77ba28399e9,0x199b5413311768050f8e2ff1c6e2c77ba28399e9,1000000000000000000000,BNT,0x508beae1ff68f0740cb56f9ec284c6b22956805beb878e1f29cacb2d3facb9bb,0x1DBA1131000664b884A1Ba238464159892252D3a
0x74b16e67582e66f791ba45c65f70b84c54541e3b,0x7d1ac4d31e6f8bd4b1405ffc8ad15f7fed1b98f4,0x7d1ac4d31e6f8bd4b1405ffc8ad15f7fed1b98f4,12347870000001024,GNT,0xb499597a7b65d87c65e09524913dc9f5cb3f664abfaafc1fd059439021e2ff6b,0x1DBA1131000664b884A1Ba238464159892252D3a
0x75520dafacbe7669820f82709ca2feae9ec4f57d,0x0dbeb19372661621b2eb9172d8099b01a399abb7,0x91d22a58414ad0e6d4f385cc6e88bd34e51d7d5a,3500050000000000000000,ETH,0x823614d68983d56d4c1d7bac5bdd4709834011c59ac8b3a5f94bc81f265b92ae,0x1DBA1131000664b884A1Ba238464159892252D3a
0x764a1c7bfd2a8dba90f41226c54e9bf88c706258,0x6676f1404f5a065657741d5112693b48d5f436e3,0x6676f1404f5a065657741d5112693b48d5f436e3,9000000000000000,ETH,0x4c0910549668cf72f468bf8ffb689007d01efd402e2e3ba7e8869d1d5e55e889,0x1DBA1131000664b884A1Ba238464159892252D3a
0x76b51d3d4337b09757a412db0c57182329481a48,0x2ae27e0568e187c4b8729ae1083856843b876850,0x2ae27e0568e187c4b8729ae1083856843b876850,20000000000000000,ETH,0xc538a30b4542fb65db466810bb69b01c8fdb6571be646fb81f1ba82ac81e21b4,0x1DBA1131000664b884A1Ba238464159892252D3a
0x779cdcb772d2afd7a74418637382d40b4a4330fb,0xccebb54b42b8b558dbbae59838b284098191a9c4,0xccebb54b42b8b558dbbae59838b284098191a9c4,10000000000000000,ETH,0xe0b082f18d90c8ee7715b58d8e7fd2e7e088d837fe5869270490c9a78ae47632,0x1DBA1131000664b884A1Ba238464159892252D3a
0x77cc39282a160a4a565f10e83c36fd0544965b6e,0x4a3255eb29f34481bf10bbd564dc47f36836a8c6,0x4a3255eb29f34481bf10bbd564dc47f36836a8c6,24000000000000000,ETH,0xa347a0da6a7606cab36a5a7339a5f22fdaca3359f9cc34da7ae244773910b217,0x1DBA1131000664b884A1Ba238464159892252D3a
0x7bf67bdbf58a3c7a6eab82788273960702fb4dc9,0xfc41c5b91d8cfcadf7daf6476f1e0ea9eb5a5b5f,0xbdc21fae769d7f5469993d8e83b465495d88cfc0,12000587000000000000000,ETH,0xa713e3cce8aedcb13158426a211b672c410702110d8f290910287ad09bfeac10,0x1DBA1131000664b884A1Ba238464159892252D3a
0x7cda7e8f32f2c37e4aae627a98ed130eb4a678f8,0xa4dc86555ae103fa7be4e747521d96fcb493d644,0xa4dc86555ae103fa7be4e747521d96fcb493d644,3063563208205383416,ETH,0xe1596610c0568c42b64ab2a258c2b7b6492c2c566609e3d17dafab4d94ee883d,0x1DBA1131000664b884A1Ba238464159892252D3a
0x7f379a0d99d224d487ae4751cbf261ae6037153e,0xd78b479cc312c9a8b1a9604761258ab3713bb197,0xd78b479cc312c9a8b1a9604761258ab3713bb197,22650000000000000000,ETH,0x26a8675607e5aa15252facccda900fdcf5ec6ef0e582913fbe2635958c122080,0xd1f27C48B948d49f3D098F499b8a1830d8a7e229
0x7f8e70a2851942346eb08ac9b506f83ffbff1138,0x3bc400c58d8f38155f9256c3d4799023379ff8af,0x3bc400c58d8f38155f9256c3d4799023379ff8af,21387135525000000,ETH,0x034473494797f7ef89889fba984159b6566bfa80015f6db3c3ea474b08574503,0x1DBA1131000664b884A1Ba238464159892252D3a
0x80be1f02d789db2704be5a9f6b97ec8713ebc529,0xf98e7bfef6101dd19c11d735ec162fec9157c9c7,0xf98e7bfef6101dd19c11d735ec162fec9157c9c7,200000000000000000,ETH,0xa7f7b5b012e3eeb157d013747dff4270a3a0098ec4d70277fc9586c7abc3923b,0x1DBA1131000664b884A1Ba238464159892252D3a
0x8306f9bdec388231265e77225c4e28eb716f6b55,0x961e21915162fd121ec4a19a317f16d0cb9f949a,0xd6875bd677156fa0c68dfeedf86bbb933375a86c,11755910110,STORJ,0x4ad08f886d4031e9213dc5d0879f10585f3557baf715b3fa5262432bb4aa71d1,0x1DBA1131000664b884A1Ba238464159892252D3a
0x851286854a2c56eb74a082fdad9d3cf87a218df9,0x9a6e78eca3c644e4467b17f351747540900c5666,0x9a6e78eca3c644e4467b17f351747540900c5666,3231181432096011,ETH,0xb2018dce12737c0617b430d4b35f3b1a1ef9de010f8704178ed66509da3de734,0x1DBA1131000664b884A1Ba238464159892252D3a
0x8a65df1c21800cb3860d7ffab517bcceea685fb0,0x2821c951d22fff9bf525ccf843e747ef74eaa71b,0x2821c951d22fff9bf525ccf843e747ef74eaa71b,9000000000000000,ETH,0xc639e0a23f8ddbec9c4d0b6417e08f669c072c256e3454513f856bb646b5ca0d,0x1DBA1131000664b884A1Ba238464159892252D3a
0x8ae1a1a78c326abc8c7de3e70a8a6bdf9328e0ba,0x1222eef923e7356d65d03f6ca90652d083c2a999,0x1222eef923e7356d65d03f6ca90652d083c2a999,2000000000000000000,ICN,0x5a87c89ba7b67399e62b217222e9de863c588edfa83b8bde490875e0404f040e,0x1DBA1131000664b884A1Ba238464159892252D3a
0x8b7af85a82c081ba4ba556e925547325fae43b98,0x0f67e2a333aa78c047e356b0f74788b3ef2b2bfa,0x0f67e2a333aa78c047e356b0f74788b3ef2b2bfa,2375751000000000,ETH,0x4ac55fd3c325a8c154721c5de5206c74c3c02b180618df8fc78c8c16bd387e9d,0x1DBA1131000664b884A1Ba238464159892252D3a
0x8bbaf6956e8e2aef3eb8f192f5eaf48b4bbbb126,0x78a0b9d7ba0fa35a5e73d4dd8ab1f1b7e7788818,0x78a0b9d7ba0fa35a5e73d4dd8ab1f1b7e7788818,51000000000000000,ETH,0xaa1815a61ab8b8133fb8cd0cbfec0053a974004af0cab80347ad59a534229dea,0x1DBA1131000664b884A1Ba238464159892252D3a
0x8d2ee01dd9e947067fda69e3b62064556a92d1c8,0xc1aeae7852838d67922fb6b1c365dc75836a9fb5,0xc1aeae7852838d67922fb6b1c365dc75836a9fb5,10000000000000000,ETH,0x1f14d704ad13f631ffeecdf86acab32118c1de7c17f3c5696af36ea9c4548124,0x1DBA1131000664b884A1Ba238464159892252D3a
0x8e4b3eadf078a80a3308da16fce741c2c20305a1,0x6cd1c3fba48173c939eff12f0e2f68aaf78115a5,0x6cd1c3fba48173c939eff12f0e2f68aaf78115a5,10000000000000000,ETH,0x8cb3b91f881062b8a505078e038958aca85a2915f7df705e038142492c20b851,0x1DBA1131000664b884A1Ba238464159892252D3a
0x8edaaaf2f30edd0a561c219f475fff026cdac575,0x9ef27540e7bd4a5e01035194db76ad91f685ef1f,0x9ef27540e7bd4a5e01035194db76ad91f685ef1f,99493560000000000,ETH,0xe2c5fe0fa68c3df936c3c2584e8634539ddc6959caf6093fe331a0f06f956ef6,0x1DBA1131000664b884A1Ba238464159892252D3a
0x8ee1dfed72c8c401da3525033d471420a1da466b,0xc68c6c785d98f096ebd67b9b2d8b2cbde2a516b8,0xc68c6c785d98f096ebd67b9b2d8b2cbde2a516b8,1000000000000000,ETH,0xcf62a641ad8df72a3b1d5cc7e2a7aa0d1d8f3df119a40b4e75c2d0e035f9ebe8,0x1DBA1131000664b884A1Ba238464159892252D3a
0x8f4b3c36196a4c94c69debded3060424e339c2ea,0x7475d67c4baa1b62a7d84cb2aa5616ce82f35a04,0x7475d67c4baa1b62a7d84cb2aa5616ce82f35a04,19000000000000000,ETH,0xaeb6479d83449daa20e21b88adc00b1fd1866e7acf91568b3cd6b03212bc07fe,0x1DBA1131000664b884A1Ba238464159892252D3a
0x90f737392c48618242b28eaa8d4fdc4793af2676,0x3e25b4f199d9de3de87a209e38df1992c2f20191,0x3e25b4f199d9de3de87a209e38df1992c2f20191,333400000000000000,ETH,0x275a4e1f714f2a8fcf97f97155060a9854c9d3341d73fcc55bd5d56e1a0a5660,0x1DBA1131000664b884A1Ba238464159892252D3a
0x956ff844abd8f58add1160c62810ad34befc8bbd,0x323c27c3562559db6a44722940bb88a75d5c91d6,0x323c27c3562559db6a44722940bb88a75d5c91d6,977120641896435752,ETH,0xd7a5a93725a7c7ce3cbfa0fa0b64f677e7dd1eb63f83ad093e652f2b4b409de6,0x1DBA1131000664b884A1Ba238464159892252D3a
0x9a89bcf8960cfa516de8521e62621fc39b3d3a04,0xa4456d532d18cc1b1d0b1f5d4a4c01c7d9691a7d,0xa4456d532d18cc1b1d0b1f5d4a4c01c7d9691a7d,1,ETH,0x8e73d722d104a52c6ae0a6bb159d8f74692680462ebb708eb0a62705e26b78b4,0x1DBA1131000664b884A1Ba238464159892252D3a
0x9ce7318fc46cddfaf3089327b4d58d54784e541c,0xb1a19e2ed12b1c1e427e911a70ece7f8c169fbd3,0xb1a19e2ed12b1c1e427e911a70ece7f8c169fbd3,82128068909600000000,ETH,0x5bd2c38eea93d3bed9c654342038840bbd8690a01693a87fed3a0f2dc3ca261d,0x1DBA1131000664b884A1Ba238464159892252D3a
0x9f82984f02f42b31f24d37799c9d63604f9a6f15,0xb24e9e3dc822daa8ace9af9c9b2ff8ab8348bc93,0xb24e9e3dc822daa8ace9af9c9b2ff8ab8348bc93,1000000000000000000,ETH,0xa2ea59f836b62890101b16043a06c79b4d0b69bc75806e155513d4489deda352,0xd1f27C48B948d49f3D098F499b8a1830d8a7e229
0x9fc9e6fe3567cfe89cf8de12ac051955b8865308,0x554dcaa51fb75a6312c80f9e5ae468674b98357d,0x554dcaa51fb75a6312c80f9e5ae468674b98357d,1100000000000000,ETH,0x4a8ff66a6ee43676b8df11b07bdadc85b0dc203435e467b65a930f7ff93d7ac6,0x1DBA1131000664b884A1Ba238464159892252D3a
0xa113f56092cefb9255c56813de43c6ca2d80681c,0x9b1adac4d674558ee1553458437980bf8815165a,0x9b1adac4d674558ee1553458437980bf8815165a,17275500000000000000,ETH,0x2efe14c1b4a95907edac1d33ae76dd7aa4fa914e62836d928c63f1791204130c,0x1DBA1131000664b884A1Ba238464159892252D3a
0xa3a22aed1d45342c96012c64104bb8b121eca07c,0xf2020f42a1df8449f86e479495fed805256b4f6f,0xf2020f42a1df8449f86e479495fed805256b4f6f,1000000000000000000,BAT,0x285431f1c6c0704e8e5860f4b2f22644e1155a75d28cc772bfebcae54ed2b7eb,0x1DBA1131000664b884A1Ba238464159892252D3a
0xa6ae6a5d2853262a3f591043ea63d4b06940ef0f,0x16bdf00830171746fa43e61ff4ce26d2fe5445c4,0x16bdf00830171746fa43e61ff4ce26d2fe5445c4,21367120000000000,ETH,0xaf56aab035f81180f4a45ff71da09edc95a8bdec480c142f949d8ccc78700674,0x1DBA1131000664b884A1Ba238464159892252D3a
0xa73c7171cda453bb44000c80f6a9221718b16211,0xfa2d4cae45d48e78129c0ce7a14800ce54dbd40f,0xfa2d4cae45d48e78129c0ce7a14800ce54dbd40f,4300000000000000,ETH,0x4b847c0a011c69b2e24357892457dd83ead5f3e076b0f0428f46011051406033,0x1DBA1131000664b884A1Ba238464159892252D3a
0xa7950e88d0c41c1396fcb84c2d50286194538b8f,0x371a47672da989889dcf17d8991c6a361dc14d11,0x371a47672da989889dcf17d8991c6a361dc14d11,3700000000000000,ETH,0x79e018ac6ad7ce6156e8d9da66261102f58cbacfc0b885352708f9cf6d9ccc38,0x1DBA1131000664b884A1Ba238464159892252D3a
0xa96b0d4cacc9714f69e42bfa49cd20858eb2fe24,0x845e34f7a38bbec1c25593b6bdf2fdcc6b7d5459,0x845e34f7a38bbec1c25593b6bdf2fdcc6b7d5459,100000000000000000,ETH,0x4da1caeb3cb16c1dcabdc21311ad91b8adb69557715fd6643c7a168d1150bace,0x1DBA1131000664b884A1Ba238464159892252D3a
0xa9b1d13399687fcfab76c9a52ad59cd225134ec6,0x814c75b97ca3f40348fe69487b820406f43104d8,0x814c75b97ca3f40348fe69487b820406f43104d8,62224568862299,CVC,0x11e59ea17fbc8c8ed30457477d63d0c46af581f70dcd24005403b405fa425f57,0x1DBA1131000664b884A1Ba238464159892252D3a
0xaa693f51d92179c282c700b7e2a6e7052823c291,0x451651e0c451d2ddc61f8e1763e62193edae0d5a,0x451651e0c451d2ddc61f8e1763e62193edae0d5a,1500000000000000000,ETH,0x6811a0992e10413a4062c321984f1138cd0f120ccf9c6adb92b2280e1e9ac638,0x1DBA1131000664b884A1Ba238464159892252D3a
0xaac6ba6cb7d29722bedd1ee06bfccd30fa3c7581,0x9fc566d32c0d2c5773b6c42a12e504bf8c95d4df,0x9fc566d32c0d2c5773b6c42a12e504bf8c95d4df,48999944990000000000,ETH,0x8e424bc27abe2593e59693b7675b545ae4312800bd015506558e39e9bb4cbce6,0x1DBA1131000664b884A1Ba238464159892252D3a
0xaac6ba6cb7d29722bedd1ee06bfccd30fa3c7581,0x9fc566d32c0d2c5773b6c42a12e504bf8c95d4df,0x9fc566d32c0d2c5773b6c42a12e504bf8c95d4df,10501280,RLC,0x4c216188d67fd989f8b17b4b0d659eb29ae6b544144d8d9a883b012184109002,0x1DBA1131000664b884A1Ba238464159892252D3a
0xab88b9bc99476dd4d7d8a1d8381066519359f243,0x1e3d67bb2976b5c9f54aaf05221e987076118955,0x1e3d67bb2976b5c9f54aaf05221e987076118955,16600000000000000000,ETH,0x820383808cf5cb9a28fb879d7ae12f806592748dae69e4f79fc7068aee733242,0x1DBA1131000664b884A1Ba238464159892252D3a
0xac558414d058f42665d4eeb66a1934d3f82f5cfd,0x1774c5f0f58d6fe7180f8f247f8464d119af0c22,0x1774c5f0f58d6fe7180f8f247f8464d119af0c22,1000000000000000000,NDC,0x13147112c4ecb8da26d552a458ad322999e294829c62455c2ed1865dcca28393,0x1DBA1131000664b884A1Ba238464159892252D3a
0xae307e3871e5a321c0559fbf0233a38c937b826a,0x21346283a31a5ad10fa64377e77a8900ac12d469,0x21346283a31a5ad10fa64377e77a8900ac12d469,120883241813525696659043,ETH,0x57c8ec028726bcad59c3ef11409cd422645db851b263b090a50bf4d1a2507b72,0x1DBA1131000664b884A1Ba238464159892252D3a
0xae50462e7ed5b22f31b1ed3a5ef3fb9220277ef7,0x3e39d8bbe15ecbdef588779b33cd5695f81a0ec8,0x3e39d8bbe15ecbdef588779b33cd5695f81a0ec8,499356730829999992832,ETH,0x999033d75bda0d0b299720587569b7640b397eacf8afe23fabe191590771b04f,0x1DBA1131000664b884A1Ba238464159892252D3a
0xb12100ad65600ece950a8485e6304211c0a38493,0xde6d180e77aba054b086d4e07b9a29b726113869,0xde6d180e77aba054b086d4e07b9a29b726113869,24475916210000000000,MLN,0x9993e1acb9afaa112698b72cb02ba258510d2f11cda4c8b31db5ffc6306ad71c,0x1DBA1131000664b884A1Ba238464159892252D3a
0xb1acfe19d3277c9b6e29472dbbfa0fa96f81597d,0x30e1f4f053e5491bb561114fbb2d31158a8fa572,0x30e1f4f053e5491bb561114fbb2d31158a8fa572,50000000000000000,ETH,0xf2cbeaddfc1b0e1a5885fbe2de5c97fa620bf72ee1d480c14bc421a16669f8a6,0x1DBA1131000664b884A1Ba238464159892252D3a
0xb302c55f7e4a8320640d212537d5d81256bc4a44,0x48ec916f433d5bad51a9192bd34277f419d849e7,0x48ec916f433d5bad51a9192bd34277f419d849e7,51513480000000000000000,WINGS,0x79277eb9651d90ba7498db6592d3f29211c41680a8f0d5466fae006c2c32ac18,0x1DBA1131000664b884A1Ba238464159892252D3a
0xb32db51ba30c80a21a775635c1b6d6a01754fd06,0x304b8125c34f1f06a844037b86ad10e12ef85006,0x304b8125c34f1f06a844037b86ad10e12ef85006,12155000000000000000,ETH,0xd3048e6863577876c3f519423bc6b64cd697aeaf0f539de2a7decf780e96f940,0xd1f27C48B948d49f3D098F499b8a1830d8a7e229
0xb3740cefcc201d5cf1fa59143976332563314d82,0xa1c0ddf6ac868baa85849d4d4e35d539087ff505,0x5fcd4d1fba8e93fb2eb7faaccb7fb80d189cf47b,1600100000000000000000,ETH,0x1803983005faf500be22d3d9ff8de4f27ca90d9dd944106f3983cf61007cdea7,0xd1f27C48B948d49f3D098F499b8a1830d8a7e229
0xb4e63046001074b223872137174eec63a7e12cf5,0x05276c19f670ffe7ba6b3bdc94e70c36b4b9dad5,0x05276c19f670ffe7ba6b3bdc94e70c36b4b9dad5,202122540786000000000,ETH,0xc6da257f9f174b429629b86d98b33ad91b2268e83ad1076baa094b9a5a0cbc8d,0xd1f27C48B948d49f3D098F499b8a1830d8a7e229
0xb52284ffe2560aae7b4b61a4fd079d9ca8a8aeac,0x15dbb685ab4be069f6cf9108d406b7798419dd74,0x15dbb685ab4be069f6cf9108d406b7798419dd74,1000000000000000,ETH,0x49f099cf070e38e4afefd39c06e676131b81caf1a520fc78b4a83b21ebe15343,0x1DBA1131000664b884A1Ba238464159892252D3a
0xb52736b178bf12f133b0bbd108650b3b4121ef5c,0x1e50209ea14c2cc92ef7c51bc57c99f1bd5f28f8,0xd7e48b46d08b424ee9f9ef93a6c7a832191cb46e,604072730350000000000,ETH,0x25d038c7b248155280f91bada8c08f6d5871ec64f90aea574ba90f78f67227ec,0x1DBA1131000664b884A1Ba238464159892252D3a
0xb68dd3322631244b553fea98040399a4258cf04d,0x616a951af8b268e65c06bd642d566e3aa179c355,0x616a951af8b268e65c06bd642d566e3aa179c355,1000000000000000000,SWT,0xe21cc64b953ba7a24d3fb9c49aa8bf39b77269b93bc2643b1ec4df6172c0022a,0x1DBA1131000664b884A1Ba238464159892252D3a
0xb68dd3322631244b553fea98040399a4258cf04d,0x616a951af8b268e65c06bd642d566e3aa179c355,0x616a951af8b268e65c06bd642d566e3aa179c355,2000000000000000000,ETH,0x714bde8dcb2890edfa218f03b0b95b07dc15721ebd1c984b40107921d8f8c31c,0x1DBA1131000664b884A1Ba238464159892252D3a
0xb6a86c3ccb3f062e3208071cda361f7f47a6ed8e,0x5efbd8fd7f0a957d6e54e39c85d3abad518905f3,0x5efbd8fd7f0a957d6e54e39c85d3abad518905f3,20000000000000000000,ETH,0x65cd3323b383d217110cbcdb7d4a664f47eac788ed47b4bf2b16c8076e98221f,0x1DBA1131000664b884A1Ba238464159892252D3a
0xb7aa741108ae27e02401fef2101114e5b8bb0ad9,0xc9580844390e8b716177a0c85f83c3d4d18d708a,0xc9580844390e8b716177a0c85f83c3d4d18d708a,13500000000000000000,ETH,0xe19f8cb1eb275bea4327417c9b671cea82d5f82e844b5df6cf13b36d9cd5261a,0x1DBA1131000664b884A1Ba238464159892252D3a
0xb94f3a5ca67be4b33c73c16e84d7cd82277d772c,0x34f216d63cc143bbb5fab6106b4d15457c1220d3,0x00252cc27e0754062234e7fab4f00c8a49fe55e6,27581716989999997952,ETH,0xcacdb28ba7fefc3d03ed7c257d367664a75b3314c6eb77684bc57ea7f837b56d,0x1DBA1131000664b884A1Ba238464159892252D3a
0xbcb2797f9a74d9099d6077c743feb3bc812eb2a4,0x335a5684a788251e13ad27af6f409759d75d8ba6,0x335a5684a788251e13ad27af6f409759d75d8ba6,265150000000000,ETH,0x53f3dbdf6a99972d9d9a95d77a95e3a1bd3d49dea9437d329f5714e18caf20b2,0x1DBA1131000664b884A1Ba238464159892252D3a
0xbec591de75b8699a3ba52f073428822d0bfc0d7e,0x49132a6c96e6652fe2a2ec079d0dad5a77f5248f,0x49132a6c96e6652fe2a2ec079d0dad5a77f5248f,932605820062911880,ETH,0xc939a3b98c9f9361d21546987ca6f494f45e06fc097231c2048e24ca02d941fe,0x1DBA1131000664b884A1Ba238464159892252D3a
0xbf764eb314daad130dbad1f75aec54990f21c29b,0x4123ef467da2db045bf4d02f0b5f8df710fc6030,0x4123ef467da2db045bf4d02f0b5f8df710fc6030,40000000000000000,ETH,0x6f810096248c6b1de5f8fcd94dad2bbd00a6fc95291abdd433dd5091fd3ddce7,0x1DBA1131000664b884A1Ba238464159892252D3a
0xc0968d7e104a06357c69e04e260a483b30c29a05,0x1f5a524a636d9d421f5898cbc0e874d9b410dbe8,0x1f5a524a636d9d421f5898cbc0e874d9b410dbe8,1000000000000000,ETH,0x4ba95b35d4b9ac15ac8aac394e3ec4978cd2948b0bba97371cb76a939974e342,0x1DBA1131000664b884A1Ba238464159892252D3a
0xc4623b433a77b870ef7a995c1443fe2e0657992b,0x05d947d98970f730ade0bb5b004442e69d347e58,0x05d947d98970f730ade0bb5b004442e69d347e58,1107300000000000000,ETH,0x284b01b774ff64bdf5669815d2aba44faf1abec50f1a30bab098def12c3215e8,0x1DBA1131000664b884A1Ba238464159892252D3a
0xc4623b433a77b870ef7a995c1443fe2e0657992b,0x05d947d98970f730ade0bb5b004442e69d347e58,0x05d947d98970f730ade0bb5b004442e69d347e58,11205400000000,CRB,0x8c67954a9129e8d0e561efcabb944edda8ed7c56a99ce196ca72d0a4e65c151d,0x1DBA1131000664b884A1Ba238464159892252D3a
0xc4724c8546c9c4e26d08182f803e0b51a061357e,0x3e508655db2b43c3e210b5df8b3af14d066a7ebf,0x3e508655db2b43c3e210b5df8b3af14d066a7ebf,77900000000000000,ETH,0xa082a5bb236fc3789a1ff6a6ff67b2e4d41c7a48a45d47358d4f65e8bdea3454,0x1DBA1131000664b884A1Ba238464159892252D3a
0xc511c9934e9e314da30dffa170d6eb33947ec4bc,0x6d5ef24fe5b030a71be9ada084b56e689f1e6a8a,0x6d5ef24fe5b030a71be9ada084b56e689f1e6a8a,469324257000000000,ETH,0x196d216fee331139f3a92d9f9653ccd87c25028ece5976f0873690b66d69b524,0x1DBA1131000664b884A1Ba238464159892252D3a
0xc6c554d741c0eac1f70deaec54943f62ac25946a,0x34b8ba53e8a2dd995abff0dd4aa63c615f77601f,0x34b8ba53e8a2dd995abff0dd4aa63c615f77601f,12145115000000000,ETH,0xa091bcde955df65d26e21e957237bf436d0dd9ddd1a03dbad60239a0ba765aa6,0x1DBA1131000664b884A1Ba238464159892252D3a
0xc78fab6904ced168b894d205d209e95708fa4809,0x4ff6ddae0e294dcaec50afa880f826edc205d28e,0x4ff6ddae0e294dcaec50afa880f826edc205d28e,10000000000000000,ETH,0x53d59e688fd545ca95ca4cedf50d4a319b8b99d193a5f65b28d783825002e42b,0x1DBA1131000664b884A1Ba238464159892252D3a
0xc7a13c9ceba109499c2c00af977591b55a03e6af,0x880edf80c2ede71795488af0df43f3a89fccae33,0x7c31560552170ce96c4a7b018e93cddc19dc61b6,999217000000000000,ETH,0x2851d183695d329a478329c8c89e7c30e754fa25229b405dee07f7cc627dba37,0x1DBA1131000664b884A1Ba238464159892252D3a
0xc7a13c9ceba109499c2c00af977591b55a03e6af,0x880edf80c2ede71795488af0df43f3a89fccae33,0x7c31560552170ce96c4a7b018e93cddc19dc61b6,366350000000000000000000000,BAT,0xc1ff3c697e86d8b68e587cad2eb56f965a0b7cd5ea8cdda456b015d23f02e08f,0x1DBA1131000664b884A1Ba238464159892252D3a
0xc7a13c9ceba109499c2c00af977591b55a03e6af,0x880edf80c2ede71795488af0df43f3a89fccae33,0x7c31560552170ce96c4a7b018e93cddc19dc61b6,100000000000000,ETH,0xab3ace5bdabf946039754b62c6eb36f8490e8780670f5e85cf76025d41bbd940,0xd1f27C48B948d49f3D098F499b8a1830d8a7e229
0xc7d3ac5ccaa44f3f0652613ab79adca97090e780,0x146d91efa3fcc8a8c0abbea09d381f220aece99a,0x146d91efa3fcc8a8c0abbea09d381f220aece99a,1000000000000000,ETH,0x5855672227b424da80af2db03f7021cc5fdf12d27be2c277edb6b5d13ec46032,0x1DBA1131000664b884A1Ba238464159892252D3a
0xc8987f22eadef2b68c59938d9a6dfb1fc0c4e0b6,0x13fe219930dfeba2b252a8052ab8463309252f89,0x13fe219930dfeba2b252a8052ab8463309252f89,209028198209949667,ETH,0x7ea13bb746d273f0880c18349f270108a5903def58371b6a8fe0d19c466c48e5,0x1DBA1131000664b884A1Ba238464159892252D3a
0xc965c6ef32ccc278181cbc68573fa0a5f1997b17,0xdbba4a8c9852f46ab68d9e0aa5bcf8fad960e710,0xdbba4a8c9852f46ab68d9e0aa5bcf8fad960e710,999999999999999,ETH,0x98ef3592febe81b3bc1d98989d9e105efbb0ca005743fcc38334b3e66ff90c14,0x1DBA1131000664b884A1Ba238464159892252D3a
0xcc98745f40c668ccf6bd97a6fd954551bcc1e650,0x54822e7a446c3ad0622bcbe65cecf1f69dff470e,0x54822e7a446c3ad0622bcbe65cecf1f69dff470e,6516430000000000,ETH,0xb4037aed5e7acfcc6ce536fe179ce970efb3f38e282fb860aee8f33b0ea7eff1,0x1DBA1131000664b884A1Ba238464159892252D3a
0xccfa829f12bd1b7618702ace114a0e464f311f6e,0x69cffa8f3b4f527c70545ffc297efb560375cca2,0x69cffa8f3b4f527c70545ffc297efb560375cca2,80907910000000000,ETH,0xdb58bd425f2314c4b685d7a543cd9c80715398e411b095e59c387432d8b47d34,0x1DBA1131000664b884A1Ba238464159892252D3a
0xce9f93eb7f78fcb7e7d222c81f258535dc218d4b,0xbb1ad01b083f8d870c4c8bc0fb17beb620095bbf,0xc177c7b397e5cc44370921a07e6c8fe8704c1df7,100100000000,MTL,0xeb741d313ec6fe1b83c1fed24a7bb63946f743f6b7603c0c72ba8ee0c6b98534,0x1DBA1131000664b884A1Ba238464159892252D3a
0xce9f93eb7f78fcb7e7d222c81f258535dc218d4b,0xbb1ad01b083f8d870c4c8bc0fb17beb620095bbf,0xc177c7b397e5cc44370921a07e6c8fe8704c1df7,3916872255691581126717,ETH,0x2ae3574ef489294e58fb99f1c495eaa336c3474a71015e941d4ab7967015f884,0xd1f27C48B948d49f3D098F499b8a1830d8a7e229
0xcf6fd94d077a08f4e800ad01ba4faa01d9c27779,0x7154e177056d12ad3f8e096f5f43c63aa0df485c,0x7154e177056d12ad3f8e096f5f43c63aa0df485c,870000000000000,ETH,0xf535ad800a3bb6237887319d9fad059eb7d076693da920d82b0bac6d58877c31,0x1DBA1131000664b884A1Ba238464159892252D3a
0xd0f706bf4738732145344dc407d36b88859c3349,0xc2216632beddb98f88e35b4e2cd8b9f140bb20cd,0xc2216632beddb98f88e35b4e2cd8b9f140bb20cd,349420000000,TRST,0x032be3b25a9d8a916bfe67e65da1ebf8a42f194cb6cc97a5feaf3ffc63d5c17c,0x1DBA1131000664b884A1Ba238464159892252D3a
0xd0f706bf4738732145344dc407d36b88859c3349,0xc2216632beddb98f88e35b4e2cd8b9f140bb20cd,0xc2216632beddb98f88e35b4e2cd8b9f140bb20cd,120000000000000000000000,BNT,0x0b07025495ee393da77de59a32b0d8a41822a2be62a799e7e973c850148382b0,0x1DBA1131000664b884A1Ba238464159892252D3a
0xd0f706bf4738732145344dc407d36b88859c3349,0xc2216632beddb98f88e35b4e2cd8b9f140bb20cd,0xc2216632beddb98f88e35b4e2cd8b9f140bb20cd,700085714266065750154000,GNT,0xa15a8f0a742320cd12d0d4828322e2b556303a8d0ba50789767fc3f414f43bfc,0x1DBA1131000664b884A1Ba238464159892252D3a
0xd0f706bf4738732145344dc407d36b88859c3349,0xc2216632beddb98f88e35b4e2cd8b9f140bb20cd,0xc2216632beddb98f88e35b4e2cd8b9f140bb20cd,920383491237753096525000,EOS,0x93eeea0fc7ddb4c7da06d3808c21f28f83852c8a9689616b891ff7d532cdd1ae,0x1DBA1131000664b884A1Ba238464159892252D3a
0xd0f706bf4738732145344dc407d36b88859c3349,0xc2216632beddb98f88e35b4e2cd8b9f140bb20cd,0xc2216632beddb98f88e35b4e2cd8b9f140bb20cd,18729683654445730378095,ETH,0x69bd83f2e8ab84c1da2988117112ad7339bc8bf06383cca6f01479281ea8e440,0x1DBA1131000664b884A1Ba238464159892252D3a
0xd0f706bf4738732145344dc407d36b88859c3349,0xc2216632beddb98f88e35b4e2cd8b9f140bb20cd,0xc2216632beddb98f88e35b4e2cd8b9f140bb20cd,183035641140000000000000,FST,0xa19ea000d038b28c08a37a79d539f40e04e802f46d764f037abcce12f4744dcf,0x1DBA1131000664b884A1Ba238464159892252D3a
0xd0f706bf4738732145344dc407d36b88859c3349,0xc2216632beddb98f88e35b4e2cd8b9f140bb20cd,0xc2216632beddb98f88e35b4e2cd8b9f140bb20cd,5000000000000000000,NDC,0xa86b0f6b024f80caf451bdbe406ef6df5c244de01abc2036f784da1bae3e6133,0x1DBA1131000664b884A1Ba238464159892252D3a
0xd0f706bf4738732145344dc407d36b88859c3349,0xc2216632beddb98f88e35b4e2cd8b9f140bb20cd,0xc2216632beddb98f88e35b4e2cd8b9f140bb20cd,3600000000000000000000,MLN,0xf11396df7099a1ae90cf53700e24f882acea02df29ff8fdf9aa7aad92ed2f40e,0x1DBA1131000664b884A1Ba238464159892252D3a
0xd0f706bf4738732145344dc407d36b88859c3349,0xc2216632beddb98f88e35b4e2cd8b9f140bb20cd,0xc2216632beddb98f88e35b4e2cd8b9f140bb20cd,6007850094570,DGD,0x2c35bdd4e95436113c97498bc35850a6326ab11ddc15dcd1a28488db956814e9,0x1DBA1131000664b884A1Ba238464159892252D3a
0xd0f706bf4738732145344dc407d36b88859c3349,0xc2216632beddb98f88e35b4e2cd8b9f140bb20cd,0xc2216632beddb98f88e35b4e2cd8b9f140bb20cd,5842248855420000000000,REP,0xc73efc157e1f6253fca01fe404d8d109122529398a8e1b4bd279a7a7daaf7673,0x1DBA1131000664b884A1Ba238464159892252D3a
0xd0f706bf4738732145344dc407d36b88859c3349,0xc2216632beddb98f88e35b4e2cd8b9f140bb20cd,0xc2216632beddb98f88e35b4e2cd8b9f140bb20cd,267923840000000000000000,WINGS,0x4a404b413b00cafdc1ce1a5305bcf6ec7dbf50b21451257b0ab82b05b84f2b56,0x1DBA1131000664b884A1Ba238464159892252D3a
0xd0f706bf4738732145344dc407d36b88859c3349,0xc2216632beddb98f88e35b4e2cd8b9f140bb20cd,0xc2216632beddb98f88e35b4e2cd8b9f140bb20cd,100000000,MYST,0x2c0083d337f5a0e5002cedde8910128eb9109b9be8f313b9a0ad10f5591e8a5a,0xd1f27C48B948d49f3D098F499b8a1830d8a7e229
0xd0f706bf4738732145344dc407d36b88859c3349,0xc2216632beddb98f88e35b4e2cd8b9f140bb20cd,0xc2216632beddb98f88e35b4e2cd8b9f140bb20cd,10000000000000000,ETH,0xc6450f264766d5916f9ef274bc15217586cff216d8a860a24af227d085c4f0df,0xd1f27C48B948d49f3D098F499b8a1830d8a7e229
0xd12b693156f6bc4c33d73e60424a544bcbe17556,0x4e349ec0dc88ed6b4adb095431eb3e494525ef66,0x4e349ec0dc88ed6b4adb095431eb3e494525ef66,1,MCO,0x8eefff6792109e5d8945be20cd27425078f442d558cb0d24d9f0f5bff55d9ba4,0x1DBA1131000664b884A1Ba238464159892252D3a
0xd1f4b2bb61b2dec72d5222a6beb062a9575d6804,0xa8a15ae94025c4b8b057ce82cd93e593b7e75499,0xa8a15ae94025c4b8b057ce82cd93e593b7e75499,1280317061668528324,ETH,0x5f6a66a1a34a5fb8ddd2153b99886d409692ab06deb8481745e709f9e1d137aa,0x1DBA1131000664b884A1Ba238464159892252D3a
0xd3a15d933bc568ce20e93c617822e2ffb77411ea,0x95e76b1b9ca090e692436d2d068e0a623350570b,0x95e76b1b9ca090e692436d2d068e0a623350570b,1000000000000000,ETH,0x6dda5d7096cd4363178da53f3d561019a879ed643e296c3ae6fed9e28d41ae39,0x1DBA1131000664b884A1Ba238464159892252D3a
0xd4d2a4b571109ad1397e953ab87d6e5feed031b2,0x8becd4410275e9a28e0f6fb23546916c4b8a4721,0x8becd4410275e9a28e0f6fb23546916c4b8a4721,4000000000000000000,ETH,0x914c2e3ba395ce724ac35d7c0c95ceb2c6677d8c1c975a240edba2fde8155bcc,0x1DBA1131000664b884A1Ba238464159892252D3a
0xd707e69e6644c2d9709a21acd7b8fbfe5a6de1f6,0xbd1c431f3874e475b3e74c4b7a2754aed252a4dc,0xbd1c431f3874e475b3e74c4b7a2754aed252a4dc,9000000000000000,ETH,0x9dda4a822b1d814b76618ced09fd50cca8a4f1ab31652dda6e092d22175e7bf4,0x1DBA1131000664b884A1Ba238464159892252D3a
0xd74401db32ddd23127e7823887c5ca4d81631793,0x2a96caf81ab6884205ded9801b8df8df1d047c00,0x2a96caf81ab6884205ded9801b8df8df1d047c00,10021257240000000000,ETH,0xff2b558c775415327ddb01e2b378edf6e5b4a49254e9ce6a8e1f3af50cb13e83,0xd1f27C48B948d49f3D098F499b8a1830d8a7e229
0xd7c33aaff9e1fe4e970aee0bcf999a0f9c528b75,0xb92ad5be4597e87b540f04c867f2b47d169d32f0,0xb92ad5be4597e87b540f04c867f2b47d169d32f0,80000000000,ETH,0x485c7d95b52ace3852e5a1002fde37ead91b04b0a12b0acf40f2562088ab88e6,0x1DBA1131000664b884A1Ba238464159892252D3a
0xd7e7de032e4682cb150e8fe8c8dcbdc99b4c1fff,0x1e05187cf4c993f1038bc38a7b299712915e2956,0x1e05187cf4c993f1038bc38a7b299712915e2956,16358640000000000,ETH,0xa1cca5af8f9667300b93ade4c8c4b2b6b4c67abe7702cda63492c4a477209f99,0x1DBA1131000664b884A1Ba238464159892252D3a
0xd93719574b0bc5f691f5da8cae9599cec1f202c7,0x3045267e9d268b447fb33125b7ee036e1a33bd14,0x3045267e9d268b447fb33125b7ee036e1a33bd14,4000000000000000000,ETH,0x045702c241a955ea2e624667569e8621877642c352de61630c9c440e5ba13219,0x1DBA1131000664b884A1Ba238464159892252D3a
0xd93719574b0bc5f691f5da8cae9599cec1f202c7,0x3045267e9d268b447fb33125b7ee036e1a33bd14,0x3045267e9d268b447fb33125b7ee036e1a33bd14,1050000000000000000000,NET,0x5d3533003d4eded00f76bdd0dc97b267bb709c6ebc37ecb6c795c9312e3c4e7d,0xd1f27C48B948d49f3D098F499b8a1830d8a7e229
0xde7119dc74161341e2f8b4ed1b73c0ccea1a481f,0x275d1336dfc46e5ccdd1f96f2e11c6a84915dbc8,0x275d1336dfc46e5ccdd1f96f2e11c6a84915dbc8,4177439400000000000,GNO,0x1cf937fc755ed971a39d97ae70d365c8a37ee9e47953bfdf7e808e7a60f057ea,0x1DBA1131000664b884A1Ba238464159892252D3a
0xdeb5af89cd95eb814be5c1690144d1f2d7143747,0x3f470f6171ad6fa7266637f8b2e08c2e13dec675,0x3f470f6171ad6fa7266637f8b2e08c2e13dec675,160812978327062530,ETH,0xb5a8bf3ff962d4a04ffea2ba8190ce950527581cfc8ced7a746d71b42ca2b30c,0x1DBA1131000664b884A1Ba238464159892252D3a
0xdf86984226814e2970ea94fedd9676276fedfacb,0x63f03b198a7c85dc3b8cbf04ba41a424dac39216,0x63f03b198a7c85dc3b8cbf04ba41a424dac39216,214986730000000000,ETH,0x5f83836c02c5787c90aa74b6ab7875ec88b9c77df335068319cecdd79e86ece9,0x1DBA1131000664b884A1Ba238464159892252D3a
0xe18b0c48a7d1e9dfa333157fa222c783f35044a7,0xe75244fe1bdb7400e5503e5cf3c0fa8f799dbea5,0xe75244fe1bdb7400e5503e5cf3c0fa8f799dbea5,1000000000000000000,ETH,0xb039455c33bd750b8699742abd607e39160de383e69cd40d4c283d476ff92fbd,0x1DBA1131000664b884A1Ba238464159892252D3a
0xe20ec1721fd0a897592d7630786a4a4c848e96a6,0x64d326edcb48a039bcdd33f068243951e016560d,0x64d326edcb48a039bcdd33f068243951e016560d,9000000000000000,ETH,0xab358ad8dea38fc8de84b0936cd106b32945ac5d594cda3480ceec335ac5d2a5,0x1DBA1131000664b884A1Ba238464159892252D3a
0xe50634f6cabc048e069ead7ddda94dcf51173841,0x9b861b672ae2303a508d7b247b882dd4080c5bb6,0x9b861b672ae2303a508d7b247b882dd4080c5bb6,59051583323919257,ETH,0x213eea036b675d47a19c34deac5d2e6521d6d27229d6fb06838785f824f653dc,0x1DBA1131000664b884A1Ba238464159892252D3a
0xe847fb549244df7d1370fff369ed82e2b894d23f,0xcc667b91f815d2dd59ba43a070cd36aab645f411,0xcc667b91f815d2dd59ba43a070cd36aab645f411,1999998000000,FUN,0x56cdc5188ed6025d08e0683b909a2da95c866567bd88b8d292aa1f1ec90d1c61,0x1DBA1131000664b884A1Ba238464159892252D3a
0xe8ebb13902a7ab342163d2a241c1e4891798b56f,0x1466e20b84c61b28382a2b0bf871c3340580f110,0x1466e20b84c61b28382a2b0bf871c3340580f110,5776906500000000000,ETH,0xa4fcb15efeae5f28ec43ceb93a3684eaeb7a1598e7e2c7cb478f540742298101,0x1DBA1131000664b884A1Ba238464159892252D3a
0xe8ebb13902a7ab342163d2a241c1e4891798b56f,0x1466e20b84c61b28382a2b0bf871c3340580f110,0x1466e20b84c61b28382a2b0bf871c3340580f110,7183304055646,FUN,0x321c3fe6523cea8aef2c071f9a50cbdf050032eab3b7b1b5998f8df0d4e82069,0x1DBA1131000664b884A1Ba238464159892252D3a
0xeba90b310b464c20d409de6de7a75735bff63dad,0x99b994cb3fc519db8a2a8739d5afb7945b73222f,0x99b994cb3fc519db8a2a8739d5afb7945b73222f,20000000000000000000,BNT,0xa364e99725d48b0e7ab7c75a35794e99f1c36dadadb24c178ffa63c9c0471c32,0x1DBA1131000664b884A1Ba238464159892252D3a
0xec0dc7522ff8d3da35924bfaebeb5b8d79121d61,0x37d4715c11d3283c6445542d99ecf2e0abb20370,0x37d4715c11d3283c6445542d99ecf2e0abb20370,5000175997910000000000,ETH,0xb8df2184e15467a5b28562721319ee8a850a87b9893d6f0a12032607a6fde457,0x1DBA1131000664b884A1Ba238464159892252D3a
0xed1475eee0c969d4877bd05ffdd6bfdc84b821da,0x12b6000043198627dd7f2a0d3858108925d436da,0x12b6000043198627dd7f2a0d3858108925d436da,185227590490000000000,ETH,0x67ecc5b169dca31ae067f7aa88b494266af340975c099c5b2570187489dd5e0e,0x1DBA1131000664b884A1Ba238464159892252D3a
0xefc0290283c59572fc03a6cc433831935477ada3,0x886602554fdfe277dbcd83d0abbc42faa2ed93bd,0x886602554fdfe277dbcd83d0abbc42faa2ed93bd,100000000000000000,ETH,0x63591aeae6cc0e982c508faaf376d9ca838c1da51fdb5290ffdb1cf0ade2fb37,0x1DBA1131000664b884A1Ba238464159892252D3a
0xf2919796ac2b7d4c884bec05cebe92a4b6f1e701,0x97fa510a5aa9430d843afa28fdd24e467742e86c,0x97fa510a5aa9430d843afa28fdd24e467742e86c,1000000000000000,ETH,0x2cbb7e9f98f63c9a79aa0fc64ddbf8653b3fa6ba45ab5e7cf9b6b46c790438e8,0x1DBA1131000664b884A1Ba238464159892252D3a
0xf39fc9bc6b3d39333c3663e89f887a7c6eeb84eb,0x9fe937a8ea1455ccfffb60034ba6eb9fff614eb5,0x9fe937a8ea1455ccfffb60034ba6eb9fff614eb5,9999999999999990,DICE,0x9401dc7538c6e107a22009a5b544581b0e0fcbef56b47b5148bb792d78b96b2d,0x1DBA1131000664b884A1Ba238464159892252D3a
0xf3ee7953a11d5ffae24d12a2e8d2d77afb5a2730,0x05c7553432b2e237f7a0f40bb57f735eb68d538f,0x75d27075d8d9aa87e54f05a07a52c5a117436cc7,1400000000000000000000,ETH,0xef2eb188423d03caa22d05088c21104b243f9b4ccceee767af12a26cc0c0436f,0x1DBA1131000664b884A1Ba238464159892252D3a
0xf6a4384aa41f74714a71e01b3f3faf75a6e879bc,0x5e012e0b8d1616b493021504b2bcdb5d675b8231,0x5e012e0b8d1616b493021504b2bcdb5d675b8231,488528036333721686,ETH,0xb76b125a8849c0be4e3285fcef6314180dbaae1f3229ce9f5f2adcfc6aa17ed2,0x1DBA1131000664b884A1Ba238464159892252D3a
0xf6e5e2344a12e036d3a4fed39c931e3351cb8cee,0x64003913b20fbeda8a8c5088fd9d79bc991da6b1,0x64003913b20fbeda8a8c5088fd9d79bc991da6b1,64624000000000,ETH,0xedc5c7566089abd3f6a80a3d83f75712e09d3072efc1f471bb108ada66e16ac7,0x1DBA1131000664b884A1Ba238464159892252D3a
0xf9ee19fa632d737af5614f646c0ce10ec7694031,0xc74ac4333dd62328128202a81396d088349eaf3a,0xc74ac4333dd62328128202a81396d088349eaf3a,70326052000000000,ETH,0x4719abda789254b7514f08ee50cb091ee072115cc87f3df1015bfb96ebaa5dc4,0x1DBA1131000664b884A1Ba238464159892252D3a
0xfae8014dc8bd8806421dfa4c538a770b3d3541dd,0x6fd2dfa7ff3202488c37b2a0a7b2e03b1568a8fa,0x6fd2dfa7ff3202488c37b2a0a7b2e03b1568a8fa,9000000000000000,ETH,0xf5a701ebc744c5c5f67fc647ad319d285b7ea3ddea243df79b20add4e6a372e9,0x1DBA1131000664b884A1Ba238464159892252D3a
0xfbbe877a949e8eb1db740ebb3ef020b20b9fbbfa,0x70edd2792258ee33f0a2e32dfbb51164fceacd30,0x70edd2792258ee33f0a2e32dfbb51164fceacd30,78550342580000000000,ICN,0x2adb50597675860a54df7e9c64260f91c2e3b90e5ee4fc049dc72e6b61739dc0,0x1DBA1131000664b884A1Ba238464159892252D3a
0xfd2b11f7e1b58c7f9ccf5479aab8ed4bf7a7ee8b,0xdcae3eac1f6363b04b3c08d1a03ef61268886538,0xdcae3eac1f6363b04b3c08d1a03ef61268886538,500000000000000000,ETH,0xfa55463a8189c1a9ee07557c179397dfcd5b1df4074380b3fb6f9242dba07544,0x1DBA1131000664b884A1Ba238464159892252D3a
0xfe7e3ee7d3fcd8f3957aafb8348a38d229e4409a,0x923f3958f05395568e98fee5a647be489565fe64,0x923f3958f05395568e98fee5a647be489565fe64,12017531183558901529623,ETH,0x62642d0187835b370f4fec56e9a196b9ce03667ccbd600d4fe0d331fc2de93b3,0x1DBA1131000664b884A1Ba238464159892252D3a
0xffa9477927cf6a7cd2ccd4cb23ca2349520ef872,0xf00e828ac68ff18cf563a9cef031fdcb8cd650e2,0xf00e828ac68ff18cf563a9cef031fdcb8cd650e2,566909256470000000000,ICN,0xf57ce928305e6542192a3914b03067ace8652dfc3b185ba61f030c9863e256ae,0x1DBA1131000664b884A1Ba238464159892252D3a
0xffa9477927cf6a7cd2ccd4cb23ca2349520ef872,0xf00e828ac68ff18cf563a9cef031fdcb8cd650e2,0xf00e828ac68ff18cf563a9cef031fdcb8cd650e2,418045055980000000000,GNT,0x9d8e38e43dc9534eced2acd95379c857bdd593e5b2787d3be176de1b7a97f915,0x1DBA1131000664b884A1Ba238464159892252D3a