"0x006c94d8e2197732c247086fceecc65c9bedfebd",["0x006b70f89cb55559fa573a6d0ed6334a1d3c22b0","0x00c1aa575114fbcbf50601059fbe57abd966841a","0x00b3a10c9f17d1e43e05f78b2cb6e1339437cf88"],2,0
"0x0086859d11090d6421386d4392a03811c45aa858",["0x00c91e0530cd233f91e50a2cda81ccf67321f58d"],1,10000000000000000000000000000
"0x00e97dc9df137a4065418fe6475f9465b63d9f59",["0x00661d2ff918cadd07f194eb6781f7f3af755c48"],1,1000000000000000000000
"0x01b0ba9b15a075f2bbb2a06296dcf230d7033006",["0x00bdd77b36ca148f61963f82e4dc69a7a249e952"],1,1000000000000000000
"0x01dbb419d66be0d389fab88064493f1d698dc27a",["0xe55b45668705e6de753787765173ea2c8cd09356","0x002759b2de8bc7442b2d1feb5dc58ea962150a1a","0x00fcf62d421198a3c9e8be67ac6778d119ea9d55"],2,1000000000000000000
"0x01e5be25eb25a0b4ffb73d34a0b5b72b49dafa7a",["0x00d87e4d369067b37ded1b60d1ade2b4d309e43c","0x005ccf5b7b6b87105423a69bec02050f249020a6","0x00ecdba43c41ee80beb5e8248d7b5324cee607d9"],2,1000000000000000000
"0x02665a0d6f28260e0395863135276ebe793e246c",["0x00890dfa0bd28f631df9d99fa617625e43120163","0x005789d0c09c96368e7b0d42088fbb708a1e5157","0x00890dfa0bd28f631df9d99fa617625e43120163"],2,1000000000000000000
"0x027b365d2707e551ad9f968649e49f31a8f59336",["0x0038deeb0049e0e90b171333127dce2091638d7c"],1,1000000000000000000
"0x02f5243fe979a79bb55dc8dcdb93d8ce85e44b65",["0x00df8e77d5fa0630144e147ccdb0b504f9c05a8d"],1,50000000000000000000
"0x039704a4ecf78b0e1eef8f181a7838a0c68876ca",["0xe13540ecee11b212e8b775dc8e71f374aae9b3f8","0xae6ff9cff40d7cc8381d39bbd6a4e39c87f6483f","0x002759b2de8bc7442b2d1feb5dc58ea962150a1a"],2,1000000000000000000
"0x0399f871448b0aee36180be78951ceea033c40c1",["0x00c857e26afb762f2dd2978b85e7fec5d0b3315e"],1,1000000000000000000
"0x03a62c4b61e7118025b8c253b2e09cf74ca0f31a",["0xe13540ecee11b212e8b775dc8e71f374aae9b3f8","0xae6ff9cff40d7cc8381d39bbd6a4e39c87f6483f","0x002759b2de8bc7442b2d1feb5dc58ea962150a1a"],2,1000000000000000000
"0x042d7b0069b6170c70e6a6aa02dec93d78785eb4",["0xe41906263a01c41847d43c6d6e6ea286dd95532a","0x6aba53232d1d7b277fea67b4d62c7bfcc905bbea","0x8e96e6b4839d7fed56ecc994cfe4afad8801d989","0x02efc7509731579984cf4e2e37194c1f55df5831"],3,10000000000000000000
"0x046ad5aebde812a3c04ec48d50c980edf87edb5f",["0x0011559df8205489ba35a0a805b4a19a8c763fa8"],1,1000000000000000000
"0x049671341b35f43c703829ce1cc6c91e68816a05",["0x0058f7abedd3214cb488b4b8a4e528d987625713"],1,20000000000000000000
"0x04ac3e0ab9f65098b16ccb9f0ba844cdba3eeac1",["0x007f084680bf3301ecd6ac5f181a53206e3c1dd9"],1,4000000000000000000
"0x0505c8e3543034fe3dfed013d2e997102de13d37",["0x00320e0ea7612530bf7289544833d69ee2c2eebb","0x002d35b13a49a7563339e7e412d34ce4c5122640","0x007cfeeab9e60c87c6814383268153d56411ad3c","0x0029590bbff2177ce7f613c419e08ef84fcf8368"],3,1000000000000000000
"0x051b21b946a39c092b806be32ce76d09ccbe058c",["0x00661d2ff918cadd07f194eb6781f7f3af755c48"],1,1000000000000000000000
"0x0604c64e13948c7381902fe085889faaac40a0a4",["0x003b26737cd2b52cf90315d948293dcd47179838"],1,1000000000000000000
"0x06054d65be538e354e3b6d8ebe38ef3ee8764662",["0x0028673fc0a9532a5c0af61ebb8369a4e5219ec0"],1,100000000000000000000000000
"0x0614143a9639d3731f343805f098cfe107e756e6",["0x215eef7b2d0709a67ad8fc15cff7adce8b81aa61","0x00afa408df1b6df83041d0651d6a93a19b90b099"],2,100000000000000
"0x062d1816ea36366a714c34b9b283f4d377dc0191",["0xc8a1dab586dee8a30cb88c87b8a3614e0a391fc5","0xf214dde57f32f3f34492ba3148641693058d4a9e","0x2be2f917397bacfb3c939f6db3bee80aa606ae31"],2,0
"0x0642b4be08848b4f8a33e8bb5f4f27535c5d3a86",["0x00df8e77d5fa0630144e147ccdb0b504f9c05a8d"],1,10000000000000000000
"0x065e19a1228ff454229afbd19b20467129e42a7f",["0x00e912b4080bef232056e76d34c332dcba4f1fcf"],1,1000000000000000000
"0x0671096252fd56e23de40c3edb8aea94a74303c1",["0x007a4d083e5329203155d7d203464eae35b344cc"],1,1000000000000000000
"0x06c1edc5d0fb879ab8b129dcff1f7b704782508b",["0x00a45ad4d870d2b5ea165ffdad2a6c7df7c56c1b","0x0051d42f00673b1baa182633f63acbd5f950a8b2","0x00d0c3c7a172947d7e2879c71d8ecf9b536e221d","0x00c461fef1f175953b68e25c6d8f36060fa8fa7d","0xec7890b19457a1ebf8d9e6ee6830308926c91459"],3,100000000000000000000
"0x0766f0f54ded283e3d682864a126cb7f85d4ae86",["0x000438f1de357e597b457decc8bf91964451518b"],1,1000000000000000000
"0x083e6d4450407e5a0ecad6abdd4c5b4f55218a76",["0x00062d1dd1afb6fb02540ddad9cdebfe568e0d89"],1,1000000000000000000
"0x086a84f2e7e3e4a0fceeab66b1ad36bea5ded70a",["0x00320e0ea7612530bf7289544833d69ee2c2eebb","0x002d35b13a49a7563339e7e412d34ce4c5122640","0x0029590bbff2177ce7f613c419e08ef84fcf8368","0x00a4b4d1df20e858eb997bfbe9482305c41908cd"],3,1000000000000000000
"0x08894447d2d58d6bd47def5e0e4cdf9f4127e582",["0x009b97ea40ae08f138192e012bb21f1ff41fa034","0x00b7facd8c94ef0fb4ed69b52a7799196ba9eabb","0x00cc20592559bf4ff5d15434833e009b38d2e863","0x00c79e4d5599e748252cc17eab1e1d94fc4f57bf"],3,5000000000000000000
"0x090853e608849943f52ff983abc4fd6d34ff1ec7",["0x00b9ac46173651acae979e99668bfd88b54a36e6"],1,0
"0x09c5ba25baa0881ea35fd58e800a6df30c61ecd1",["0x0052d1e1957c9267bc32c2c34436725ad423f707"],1,1000000000000000000
"0x0a14ff4ab24373fa0cbdd81b05326969b25c9ea5",["0x00258f840c3636f4805df6df34b9a3d13bee8b8c"],1,1000000000000000000
"0x0a7b3acda33aac1eeebcde16e2987b01dd577904",["0x00a72109d88f32218056f04e8a9e425cd1211884"],1,10000000000000000000
"0x0b23618ad378a6ca9caa4ec2c395f40023012dc6",["0x002a9fc2a9dc99ce933bd95595c49e9148092a7a"],1,10000000000000000000
"0x0ca95b38cd1551a3db33f2b7ebeb40db84eba8f9",["0xe13540ecee11b212e8b775dc8e71f374aae9b3f8","0xae6ff9cff40d7cc8381d39bbd6a4e39c87f6483f","0x002759b2de8bc7442b2d1feb5dc58ea962150a1a"],2,1000000000000000000
"0x0cc12572d4028e492a919fe82feeda53fe43782f",["0xb3022b41174416789d05f53f03979a6e134a3848","0x008088e5b3a1121a53a9effa47a6b00ab338753f"],1,5000000000000000000
"0x0ccd5be12ebdba2416f31323c435d3d91e3dedd8",["0x000a720bece541f9e3fa621fa1a2874af9224a1f"],1,1000000000000000000
"0x0d1e361c72db59344b3aadb8037c964850ba13c0",["0x00371c47f38433d6ae5750d4c31f0f33c756ac20"],1,1000000000000000000
"0x0d74d7843f9ef6782a28181d85239ba735e6a13e",["0x008fcbee5f92a49c67e6e865b5fa9d3e1a0926ca"],1,1000000000000000000
"0x0da3a765ee9ed638d4cd059e5981ad1fe46a6949",["0x00de3c0e84ab57268a2c5a8f0e61eb863a8bec8c"],1,1000000000000000000
"0x0ea3754913cdf617507a4c640c0416147c9434aa",["0x0048f59c65fe9ad3e14174811d797d52f7543388","0x00d3f313ea642eb176dc13a14bec21eb8df75158","0x98ff54457cb3eaa4d94bf4161e0abb21a837c6ce"],2,1000000000000000000
"0x0ed8a14bd199474878d2c3f4ff970b754afb62bd",["0x1896c6664654eb42f5f29b0bf5392d916cc22f30"],1,1000000000000000000
"0x103678815ce4ae9926d938e64cadba406b2f86f6",["0x009509121073bbf0103a0eb84aad975e8919a2bb"],1,1000000000000000000
"0x10df28c3ccf3300dd8ff924d9f15440f46d918f7",["0x008d4fa11e6d45d6fd8b1151bd1c556d05afd7e3","0x9ed07b5db7dad3c9a0baa3e320e68ce779063249","0x4a8441212108cf6bafcf31e8f43fbcaca50d0943","0x0fe0ecfd53525fde9153e4c3acf66403b392a832","0x984be5b537464be838ffa1cc558764f6b77ddbcc"],1,1000000000000000000
"0x111115111fd0953445d624ceaac28d0ad0c9e74f",["0x03f10bf5fa8131a96f09c8e474d7077c5fddd074","0x0000e5fabe3a8dd992b73517de6415a2043dc7ca","0x0000004eef1841ddb31cc4d5232231448a42c1d2","0x0000003f5ba685d7b020310b44978646f364ba75"],2,500000000000000000
"0x111b3d565f5da36b1decdf19dfbb26dc6cd970c6",["0xc0ffeece5397f30e18a8dd7a92644178675fbbbe","0x000000011186051f8df273cc03e1dbac7e699914","0x365cab320045e61302b788e922f55c07c03a5ba7","0xd0944aa185a1337061ae20dc9dd96c83b2ba4602"],4,1000000000000000000
"0x117812f50df15c724948add219d2ad519ad73aa8",["0x00611c10229f18de5997505c3a06fc90cbe75e5f"],1,1000000000000000000
"0x1185181ab325fe0887f2cdd42a16cafc8e721861",["0x005fefe5c744f7a7d3c3177de756268ceeef9ae6"],1,1000000000000000000
"0x12c413b8113e1e3c7026b36453690c95279208ec",["0x00661d2ff918cadd07f194eb6781f7f3af755c48"],1,1000000000000000000000
"0x1303c418b09a6a15c90c1667efa5a9183e6e80ac",["0x002fa296a86ca833d7e97c8fa6d468b5bf803250"],1,1000000000000000000
"0x130a542a258401625aebd190457f25d35cca8301",["0xe13540ecee11b212e8b775dc8e71f374aae9b3f8","0x002759b2de8bc7442b2d1feb5dc58ea962150a1a","0xae6ff9cff40d7cc8381d39bbd6a4e39c87f6483f"],2,1000000000000000000
"0x14236995526230feafc1d6ea94f8e0c59ec09f1f",["0x00c91e0530cd233f91e50a2cda81ccf67321f58d"],1,100000000000000000000000000000000000000
"0x1423c4cb6f4a9d656fc5d32682056327f459fd40",["0x00e46d71a45b1030384ad03ae9d95d3c017ac3f1"],1,1000000000000000000
"0x146241d323fd06fed880ccf314580a292c687ad5",["0x00b4220ece55546b117e33fd32c5fec57f750f2a"],1,1000000000000000000
"0x14b96bc52d111073c382d54fe17f29b29a346e6c",["0x00073103c819211ef56d0a8ba7f71c11a84aa55f","0x3af5f67d0762b55eddaed71a5045d3f316ee8b37","0xe13540ecee11b212e8b775dc8e71f374aae9b3f8"],2,0
"0x15ce1c7f4f27fccafc863054013a19022e527419",["0x0076209485ca17728ab3270dcf1a011be818ce32","0x00aeab2654ffa09b5517bad1d619689f9918e5a0","0x1aca8cd40ac40f458345a906349fe902714f589a"],1,1000000000000000000
"0x164c2b90f83b67d897ff00899695430841e38536",["0x1dc13a6276219040dae085eeba0ed5e94553767a"],1,1000000000000000000
"0x16a1dc5b15838ec665a029984b0566e6c1fa4702",["0x007e2d58dba4e042f49ceb1d0e18666e297e5e4e"],1,1000000000000000000
"0x16ca1cc14eddb7979191eb231302ae972fa435e2",["0x001c933cef167204216c3ad6934d310dcc064c18"],1,2000000000000000000
"0x16f3beced09ed31a0b34fde290989021c13c4645",["0x00661d2ff918cadd07f194eb6781f7f3af755c48"],1,1000000000000000000000
"0x173b713cca8e97a21cbd0060d7971da23aa8d4dd",["0xb50a29108891021b548ef6c55f27de3280aec614"],1,1000000000000000000
"0x18ad3d43ed8db2b991389c703b6c945f96ffc116",["0x1c136f2d0aa3f9b37dc8843b588c46f43e5729f6","0x9b8eb09a59a180e7798fbe7e099c8c351ac56af0"],2,0
"0x1929beaa12130bbac95f62ebbe6c0d3d2dfba719",["0x00ef338eeef0ea6b34632712d23653db5ed5cb8a"],1,50000000000000000000
"0x196f109ab5d47389b9dae0c176387ca9f90869af",["0x001692139d92630e256722f28f394e1c33d62bcc"],1,1000000000000000000
"0x1971066fa9419a03a07cca394204915818d6c140",["0xe3d87fe66e70f91356c698fc8ee0532f51a466bf","0x0249a9b58ba742cbd224c1eec6d8817d333ec55d","0x0a6344a2d5cb0707a918dd835e527d4e253da225"],2,0
"0x19d8acac27553ef390d287b532bbc1f9fdcc261c",["0x89bb5a1880608fe606f6d2c3dc30c3624f3429fc","0xe730b30256bd9d3f5cbfdaad0f584307876acd25"],2,0
"0x1a49cb4e860c799de397cc29552b3d80e8bd70d3",["0x00e062f27c7ebd904f5d8308d799f7ab19bf692c"],1,2000000000000000000000
"0x1a4a470c2f8ba954b8bd220f5cf67e47da02afab",["0x00a4f48594b142bc7d9316d3ac686c5a539d44a5"],1,21000000000000000000
"0x1a7e8e64560cc3ba240ce98e11ebb959196c6e83",["0x871a54f52edae49d2d3924dac1b9e0cfa52562d8"],1,2000000000000000000
"0x1ae1eefa471b3221654221360d25f4e2fae43daa",["0x00afa408df1b6df83041d0651d6a93a19b90b099"],1,1000000000000000000
"0x1b4080a17e3f7e29c40c1be4fc34cb6d3c6a61bb",["0x002482ca0fa7c623cac1c91e3f0f875f8380d0dc","0xee81e6293b9f0dd6fcabe582b77079489a9d74b8","0xca4cb8e4db10bb8ad5df575d5f793cd73e341935"],2,100000000000000000
"0x1bfd493c5945ef1dfb45586e4cb9065b3956b6a2",["0x009e615bfd907525ca1e7de4e3332b9eeabe74b5"],1,2000000000000000000
"0x1dd289285f47fd46afa32397b845a5dccf1767f1",["0x0046c04256ce71f82bd12367cef1ccf5d9f3e505"],1,10000000000000000000000
"0x1dfd75c71a3658a95dc8c677c7689a140f0afb2d",["0x00661d2ff918cadd07f194eb6781f7f3af755c48"],1,1000000000000000000000
"0x1e71c36fa78096ad934acc5caece41a1102fa944",["0x89bb5a1880608fe606f6d2c3dc30c3624f3429fc","0xe730b30256bd9d3f5cbfdaad0f584307876acd25"],2,0
"0x1f4fe4426bb6936b1007bb0a30f2f46e7c1b64dd",["0x0000dc41b901c875d151c2800bb4e5b026f5fa0b","0x00c1aa575114fbcbf50601059fbe57abd966841a","0x00b3a10c9f17d1e43e05f78b2cb6e1339437cf88"],2,0
"0x1f6b7e00acffe252163f66b77d1e2032c09c407b",["0x00843587f711b5b15b4b234450e0a3ac1750e4b3"],1,1000000000000000000
"0x1f6cbb740f7eeb4806276376e7378dd1fa36fc11",["0x00a7ae45065561a234831473a656b360a5ca72a8","0x0094f9ff3559c21543de24f0db4b8abac713011a"],2,0
"0x2026bb1dcc41abdae6864a8b76b5134dd8330195",["0x3681dde218f8a5fc3ea970a23fb9809cd72c3d30"],1,1000000000000000000
"0x2086c6098d0fdf2c79e5ecc245e6e21cccd7a9bd",["0x0047ae2267f30ec0873e9ac301e1c0623120875c","0x002db5448eded6d357e1ef47aa246bf128dfa727"],2,100000000000000000
"0x20b014a0b669906781250cdcf9966d5c4ce1527a",["0x8f493c12c4f5ff5fd510549e1e28ea3dd101e850","0x00e73102580dcbdb1df2d161a8d73ab3e4706285","0xd298bc3a7e089555ed6bbb227bdd05b8aad5830e","0x16b228154a4aea2869ac96364b4ebe410eae3360"],3,300000000000000000000
"0x20ced4af3f0924640efd751fcd6b1e467e5b6457",["0x007e2d58dba4e042f49ceb1d0e18666e297e5e4e"],1,1000000000000000000
"0x212d7ebc169da490b9e92e83a4366e0c2a783b27",["0x0028673fc0a9532a5c0af61ebb8369a4e5219ec0"],1,1000000000000000000
"0x21d32aa7d6f763a21276189046f45423dc37b14e",["0xe13540ecee11b212e8b775dc8e71f374aae9b3f8","0x002759b2de8bc7442b2d1feb5dc58ea962150a1a","0xae6ff9cff40d7cc8381d39bbd6a4e39c87f6483f"],2,1000000000000000000
"0x223cc19bf2fcc7219e0518c89a735b99091a57e9",["0x00d45de1d3f648f982167cdfd37474d46254a134"],1,1000000000000000000
"0x223fbc3d404d38213f5d4ba090e3866f151dfffd",["0x00081d4abf02bb33538d277ff7240da90557bd08"],1,1000000000000000000
"0x2249263274f2f4caf409dd45141a8f6185a36369",["0x0034b79adb3de9ed367bb33a225bc667bd2c61ea"],1,1000000000000000000
"0x2270be634ed8130a0402cd106de1f04ea35fa0a9",["0x006fda7cd5eec123999635b9af6e6fff81ddbc9d"],1,10000000000000000000000000
"0x22b1ec8f8fc78861db3221950ed0c312b51c66e5",["0x00073103c819211ef56d0a8ba7f71c11a84aa55f","0x00073103c819211ef56d0a8ba7f71c11a84aa55f","0x3af5f67d0762b55eddaed71a5045d3f316ee8b37","0xe13540ecee11b212e8b775dc8e71f374aae9b3f8"],2,0
"0x22b723ca01bf41fd4ea69016f020af206c1de8d6",["0x00a78890fa1a9bc66a3646390f038aa18d2c1141","0xdced218e413a6bb82fd8b9786188195581b42ee2"],1,1000000000000000000
"0x22dc62c96de482743b231f29326a3d18b2d73eb2",["0x00e3d5376448a18e897af3b1ae939094bc5bef7b"],1,3000000000000000000
"0x248743463983b3b0c667717bb8c30e5ac79199bb",["0xe13540ecee11b212e8b775dc8e71f374aae9b3f8","0xae6ff9cff40d7cc8381d39bbd6a4e39c87f6483f","0x002759b2de8bc7442b2d1feb5dc58ea962150a1a"],2,1000000000000000000
"0x248c9bae4fee646906821155ef1a538e7ca978ec",["0x00133f358c55671599e8ff2c9e85bfa5856d5a98"],1,1000000000000000000000
"0x2499e22e19b0af3c1ab82071db2a9c4fd7ed328d",["0x00c8144899d944b4ef2a3f78f28e264699a3af10"],1,1000000000000000000
"0x25a13f69c3eb7fd8e7ae4df6d2ebfc1706b35c5d",["0x0008106062fd49a71e1d2e64ad0e37e6cc296b97"],1,50000000000000000000
"0x25e4af0dd6f4f7127a82a5a82a53e1e6aace4835",["0x00a8a5f940c6a50b82297378de8e45d97c91c139","0x007668a0c0931ec759123fa527ecf932db9c95d1","0x0076314c491a3d0ccdd23b62e8a6ebcc5d9ceda2"],2,4000000000000000
"0x260a28a165081f5cfe94454543514e76ae746410",["0x00c7667d5095f3e0d7ad84167f75007237167d29"],1,1000000000000000000
"0x26afa29ce626d9dcc331ad5e0fbd454ad6362c7c",["0x00da2b55ad44c071f474440a96b95ea716d1a119","0x009ece511c7e67a0bd950aa2f2ad4a4cde81f48c","0x00f519f33a4c020ff879d502e88a5ec63d951128"],2,25000000000000000000
"0x26bab9b0f5b13b0de1bb21497c356a88a4173dbf",["0x9b53723ef104396f1f44a378a84a15067e11e166"],1,100000000000000000000
"0x28c4b59e6da29e9e3a0b68837f9e0bf16763e868",["0xef16389796cb90d1b57447582bcdb5c3723b0254"],1,1000000000000000000
"0x2993753c24323d9152e69f6589109f67b2921dac",["0x74bba277ead3e1f69a6ed5c7caee140adbf77563","0x9c7d3af3d671b933a184085519fc80c2e8c2290b","0x4fe921e8f2b80901649add7e7565f92c666cad35"],2,0
"0x2aab51f6c6dac9c4484e22220bf97dfe1431950a",["0x00d45de1d3f648f982167cdfd37474d46254a134"],1,1000000000000000000
"0x2b3b7578d4af42bba2ecfa749ce8b4b570bfa1a3",["0x00042b93368df4bd63e3764f6508992829dfaf97"],1,1000000000000000000
"0x2c0be2d4aae83a8d5d92cee3f966da3043a1242e",["0x1165656a95de9067c4348b365beb31409c9a278d"],1,400000000000000000000
"0x2c6647d4c95b9e064ceb48727cb4f4918c16d824",["0x005ee33762b213afcea5d294b14f005b00624661","0x00cbf02656187dd24c981e406021f43fc8fa69f2"],2,0
"0x2cb6bbecd274fa439e1de92a8e70e4d4ce3b47b3",["0x3af5f67d0762b55eddaed71a5045d3f316ee8b37","0xe13540ecee11b212e8b775dc8e71f374aae9b3f8","0x22b1ec8f8fc78861db3221950ed0c312b51c66e5"],2,0
"0x2cced50f5f352c9784ab348956ffc0e17b19982b",["0x00661d2ff918cadd07f194eb6781f7f3af755c48"],1,1000000000000000000000
"0x2cd5a2e0623791eaac6f95fbce81348958520d07",["0x0063bc33b44b8533c829b834afc95206ff472e7a"],1,10000000000000000000
"0x2ddf00ef072b0375fd4c6f0acfd4cbe0065f9a69",["0x002482ca0fa7c623cac1c91e3f0f875f8380d0dc","0x002482ca0fa7c623cac1c91e3f0f875f8380d0dc","0xee81e6293b9f0dd6fcabe582b77079489a9d74b8","0x009ebfd6ca2b3a204acbc6542b0d8e52dcc4c8c4","0x0084921fdecbd271f752b9f9bb3e7cf9bfc69461","0xd9b4e8fc37540680fb618054692928d977c49061","0xca4cb8e4db10bb8ad5df575d5f793cd73e341935","0x9e451f537b8cc0b63837b6f1283025db796db816","0xea52357c951f0b2c17b9a6ab555e5503d848013a"],4,50000000000000000
"0x2dfec8a8ca774691d952e985fbd82a793a827dae",["0xd54e6fdcb787bef88e03aadaa7c6c197bda732ad","0x1697c3c6b4359124c1b2a8fb85114c67b6491965"],2,1000000000000000000
"0x2f21fc5166642b8addec2832f350ed5b86d897c0",["0x9761865c355822dd92f83dd19e74285b1a8557d4"],1,5000000000000000000
"0x2faea22bbd8a0a5b73bd306a06e2b42dce879a7b",["0x0085b453dc210cac6b2bfb495410dbf4d1cc4ff8"],1,1000000000000000000
"0x3085335d03541c007fb7b15e9112ca1f364ad8bb",["0x007b5ad44fc7cd99a445c8c209a070604f45df50"],1,1000000000000000000
"0x30b3c64d43e7a1e8965d934fa96a3bfb33eee0d2",["0xd54e6fdcb787bef88e03aadaa7c6c197bda732ad","0xc44ca6ec87a229f61f9c8d4feba81dcf51a666dd","0x1697c3c6b4359124c1b2a8fb85114c67b6491965"],2,1000000000000000
"0x325d5e031c3c0f6e1cbbc52a9cb46d296139b4ea",["0x0060ff6e5d282b88a24093052e9748835b357136","0x2cb95f5c1ad4980bf873abc21c25f2b3ac3df8ca","0x002dc1524b2e0fd61767ee2d4dceac4c3c09d0a4"],2,0
"0x327bb6e6fff2c05e542c63b0fcfdd270734738ef",["0x0019a83251136740569c9d30ce6f22b1cb3acc87","0x00fd65feff7f06e45b722cced5d6b577f4e3ab29","0x00a839b016fb61281672775d7b5f8d11eb344bdc","0x00ceeb03c96e4852748ee6ee854b6f49837a207e","0x00e0c0e619e3e7326da01a17bfb7322918fdae26","0x00defd3696ff96e5cdf7047a0c1ddb44dc7a3221","0x004f2e78c774bc2057f03b2521d42a7e69cf11a4"],4,1000000000000000000
"0x32a5b17b23d70124c9910b177b131ce3281a930b",["0x033b9de6ee16acd885276e76386718eb29a276c0","0x78caac617c2c14856457c6983344ef73674c57c8"],2,100000000000000000000
"0x32b0663b7853ba76b19de69c46fc40fced09bf00",["0x006df823d7e9ec6fedafc0eac4f0524cda5abc07","0x32b0663b7853ba76b19de69c46fc40fced09bf00"],1,100000000000000000000
"0x34419291f875a4107e44a3def489f1dfe17b067c",["0xdb1fc589cf6f2266c0cf9114aec3900e1bed1d21","0x3013d62a7357021259c3ee463ec9fbc64de7ba76","0xa4759a6a0addca19dcff59b869db6b0d02a7744e"],2,0
"0x34b3bbce4e11e575ce32c91f628cc4a26fdf7907",["0x001c42b24acf399361b2606e42b2991b1e1cbd6e"],1,1010000000000000000
"0x352153034dcbaa835b3c7bd4c4a6ddd9058448b9",["0x0086422e0f167e0183c69c67e62e6ff66876acf4"],1,1000000000000000000
"0x361ece54a07f979b231aa77b01f10f5e2d60312b",["0x6ddad89b3211812be46306819cd55bced440c1b8","0x008051b2f90e5310d9350fc666f0200086725786"],2,1000000000000000000
"0x375bef583df0de326053025e68f19b3fccaed3ec",["0xe2b260bf1643d69727cfbef5c7d966ab5d3959ec","0xa8cf4561787d0b29025f40ec9c5ac0cd6af617f4","0x00dbfe7b37182173eea0ec499536bd218985872f"],1,5000000000000000000
"0x37796f835caa5ff3fa4fcc8327853bcde0b3d5f4",["0x00fcad795d8a753c9064126b78cf0330436da09b"],1,10000000000000000000000
"0x3786f1baa3343a74e1f5325b7a99e769b0bbab0e",["0x009b97ea40ae08f138192e012bb21f1ff41fa034","0x00b7facd8c94ef0fb4ed69b52a7799196ba9eabb","0x00cc20592559bf4ff5d15434833e009b38d2e863","0x00c79e4d5599e748252cc17eab1e1d94fc4f57bf"],3,5000000000000000000
"0x37a9d6ae9229f54e6fe6355678948ae0f8433e3e",["0x1697c3c6b4359124c1b2a8fb85114c67b6491965","0xd54e6fdcb787bef88e03aadaa7c6c197bda732ad"],2,1000000000000000000
"0x37b57f5047d22109d48fb71a88513cab50c92c07",["0x005a279f9b32d504ce8aac88311a6498435360b5"],1,1000000000000000000
"0x37bcaf9ac3c28493a8f4210b112ffe196e27b6dc",["0x006ba04c4c63959c54c82265979a68cbe41ee18e"],1,1000000000000000000
"0x37c4362e7c11eac6d90775746bb9bc9810116a6e",["0x00b7f847244156c505f084debc1e043a3f55f827","0x00a145ab2f6c06172a9a9676769e74f6e1f04ea4","0x0056cd7f25b4ee31edd6195ccf9d493c4987b0d0"],2,0
"0x37c5fd4e97bb6779018116121fdfb5810c7a91cf",["0x003943eb59d1c0eaaaa8a1da945e520a8c034d8d"],1,1000000000000000000
"0x3806cf18054a118d071f19bbf7f2fe3afbb680f4",["0x0011559df8205489ba35a0a805b4a19a8c763fa8"],1,1000000000000000000
"0x397f22f6c4bc789898a6cda954881908348c7f00",["0x00e07a62064481e574280e2647421fff89d43b74"],1,1000000000000000000000
"0x39a5c0807a6ca01b639ee617ce5a616910c35539",["0xbfaa871cc61533679fb74e583e2e023a920fb565","0x244e9b38fc1c655de53a8ba5a4760f6e8001403b","0x00711ba4245b105bde091e32a5f288c36819754d"],3,0
"0x3a83e0b68bbc064c56a9cadd7d456b1a05d6ba08",["0x00890dfa0bd28f631df9d99fa617625e43120163","0x005789d0c09c96368e7b0d42088fbb708a1e5157"],2,1000000000000000000
"0x3b135dbf827508d8ed170548f157bdcd2dc857d3",["0x00e8005cd0ec82874851f2e4260aa72a044ed88f","0x00fd65feff7f06e45b722cced5d6b577f4e3ab29","0x00a839b016fb61281672775d7b5f8d11eb344bdc","0x00ceeb03c96e4852748ee6ee854b6f49837a207e"],2,50000000000000000000
"0x3b38a42018b658da3655492634ee30fb8196e697",["0x89bb5a1880608fe606f6d2c3dc30c3624f3429fc","0xe730b30256bd9d3f5cbfdaad0f584307876acd25"],2,0
"0x3b3a9c76ba9a4801ace8e2a8ff8b0e99f66bc5bf",["0x00deef53ea4b220086b0f5301b618404da2619c7"],1,4500000000000000000000000
"0x3b70b40bc8f80f20192325fa56a831761230f8fb",["0x002fa296a86ca833d7e97c8fa6d468b5bf803250"],1,1000000000000000000
"0x3b860c53319a80b7cceaf31a230090aa91204d0a",["0x008da5c01b00a0cdf360fe3715a6a9ab4b1dc1fe"],1,1000000000000000000
"0x3c91bc1dcc872bede647dac18ac5ee4c861f2c15",["0xe13540ecee11b212e8b775dc8e71f374aae9b3f8","0xae6ff9cff40d7cc8381d39bbd6a4e39c87f6483f","0x002759b2de8bc7442b2d1feb5dc58ea962150a1a"],2,1000000000000000000
"0x3ca7d3b7ba818b806d7a1975e8b92e6f55fd0e7e",["0x00bc158970acb5894a697dfd2b1e6d3d5adabd59"],1,1000000000000000000
"0x3cafc5070e24d4fd7ea55a6daedffc51a0dbd80e",["0x00f2cf84d37bad5bd194578fb3bb68da46a6bf1e","0x00c26339718a0a117fbe8bbfa6aa660e6e4f4580","0x3ff047e5e803e20f5ef55ea1029adb89618047db"],2,0
"0x3cb0d9caf35feadfe090cd55202f45076b7e3e14",["0xd219b0315ed7823ab1157523dc43569377b5dcda"],1,10000000000000000000000
"0x3cb96f3d6b66c55c2942ebe70826f7a15b044a8a",["0x5fdea078c4a6cf33302f5dddcb91de677bae972a","0x6e39646edd82d80ed5a9758bb8d53f69f5b91511","0x72ec02119eff951e2e24905038bc3976cc29efcb","0xc0c232d1240dd901e45816fc4c213d3ed90ebb82"],2,1000000000000000000
"0x3d52571f1ce8f035da1c1ed716f3055790274549",["0x00e3399e77c7aefcc187d17eb90cbd1833d9681d"],1,1000000000000000000
"0x3d578574e5f8e5db7936b95220e335dca7e8bbce",["0x003b5203f20b729932ee3a1ce2963456989700a3","0x0052d3c5932c9491ac5974282bf8052c99cdc81b"],2,500000000000000000
"0x3d5ef5bc2455f374a255bf59adb2b32b89852b5a",["0x009980d23034de516063bbb332e294f4b418a156"],1,11000000000000000000
"0x3d64536ad74b7ccb55c9db23def676a484eb57e0",["0xb75fc61dbdeef3513107a37e45842bc23357afe6"],1,1000000000000000000
"0x3f0ad8c31a365df9b2b7c8c62c4b8d1e8768982d",["0x006e221df1a50c2c391df99538f67a2e0e257cae"],1,1000000000000000000
"0x3fcf5019220095982ebfc1873f48f65ac6c4a4c1",["0x0039380cc9cd3b52ca0ec35f4ab0b3d8fd8429d2"],1,1000000000000000000
"0x3fec3c6e014e28566000a1be3cfcb43327d4b743",["0xdb1fc589cf6f2266c0cf9114aec3900e1bed1d21","0x3013d62a7357021259c3ee463ec9fbc64de7ba76","0xa4759a6a0addca19dcff59b869db6b0d02a7744e"],2,0
"0x4013f4f6ec28f84ea9071336466bf8916f179852",["0x00a72109d88f32218056f04e8a9e425cd1211884","0xf1ab9bd21ec62fd90c2235422a0c08fa7275dde7"],1,10000000000000000000
"0x4022cc301cdfc1df7e1db82c7a0b4448ec1c4df8",["0x00deef53ea4b220086b0f5301b618404da2619c7","0xa3997035c87c878f4e1d76a129c6f551f4a6b0e5"],2,10000000000000000000
"0x40f69798812a1b2498d788a69e7e8edbadb72aad",["0x00d87e4d369067b37ded1b60d1ade2b4d309e43c","0x00169f7510b58153e62ec24b6f1f41542dbf2c1d","0x005ccf5b7b6b87105423a69bec02050f249020a6","0x00ecdba43c41ee80beb5e8248d7b5324cee607d9"],3,10000000000000000000
"0x41211714f4525fad24d773384424488df5bbef2d",["0x00c0ec7c32a6bac77fb506493fed0b085c79a032"],1,1000000000000000000
"0x42038b07881bc137a21e4f339df3b22f42fd3d4f",["0x004d166c464c465fc7314c2b89e30f67def9782a","0x7b486037e66ef9fb05ab44aaf905931ba31539aa","0xc42b76447c640c2d84c3349129eaf51925ea169f","0xa9af49f28fa939aa6d7a9683de9a4319d1d8ecba","0xd1bf622c6f32d2d79b1d4bc566a14ee124cfd2ec","0x801f3f718da1650e7c2c66fe4459677f490c32ea"],4,5000000000000000000
"0x43c0d31adb89df0e6b02bf2bd9acb0696fe41e46",["0x00658b6f95c55d2d90ed33b31a59156032f8677e"],1,4500000000000000000000000
"0x43d3d1a57c30a27d78c6864048cb3b7e08957fd8",["0x00a8a5f940c6a50b82297378de8e45d97c91c139","0x007668a0c0931ec759123fa527ecf932db9c95d1","0x0076314c491a3d0ccdd23b62e8a6ebcc5d9ceda2"],2,1000000000000000000
"0x43e91e4099e0028ce8871eb015593cbd1aebaf9e",["0x00a8a5f940c6a50b82297378de8e45d97c91c139","0x007668a0c0931ec759123fa527ecf932db9c95d1","0x0076314c491a3d0ccdd23b62e8a6ebcc5d9ceda2"],2,1000000000000000000
"0x475f51c7e51e383f70156cf1fa6c21ba0de0ce69",["0x30a851fdd0cbe6db0a95b9d7483aeb7774e94f95","0x53fc49128b5e224534173d379c28c9427467cfe9","0x3f39503181a198420eead08066e18d111ec5c224","0xf34d2c5da5b1459d1f0ab5dcc3777af0cdcec75e","0x52232f5af129d6c2924203cd60f517197b6f6e6d","0x714a99d8b51422bd4326de5443a39b374b97dd46"],3,0
"0x47a8f1938cc353cf7ac55e58c01041d73397866e",["0x003db4ffc4eef8eeb8c3823e5b7edacc06692b89"],1,1000000000000000000
"0x47d4d2b35d1f1ab19092978e77f59addffe65aec",["0x00320e0ea7612530bf7289544833d69ee2c2eebb","0x002d35b13a49a7563339e7e412d34ce4c5122640","0x00a4b4d1df20e858eb997bfbe9482305c41908cd","0x0029590bbff2177ce7f613c419e08ef84fcf8368"],3,1000000000000000000
"0x48010246685c3abe30f0055590d871c49a59a33b",["0x00cd51ea9a808b896ebc449be1b915dce2e24779","0x00fd031b2aa36b35e82c5c4b0a97bc058201f193"],2,1000000000000000000000
"0x48122a114156c314cd49438b08d59ac64138a8f3",["0xe13540ecee11b212e8b775dc8e71f374aae9b3f8","0xae6ff9cff40d7cc8381d39bbd6a4e39c87f6483f","0x002759b2de8bc7442b2d1feb5dc58ea962150a1a"],2,1000000000000000000
"0x48b653e76959a1323f9581ab557bf729246d84f7",["0x00f3b91469cc1661bf72e7f11789e01f0046521b"],1,2000000000000000000
"0x48c46777aaf7a045b4ce8a71961db19f260fdc68",["0x001099354d86a4e736ab0fc1e05f39d1c1ec14b9"],1,1000000000000000000
"0x49045e8fd9ea68cdd0c768e8884488cad87dd919",["0x0028673fc0a9532a5c0af61ebb8369a4e5219ec0"],1,10000000000000000000000000000000
"0x49047b146f733206ebb2ee66f382cea80de12836",["0xb3022b41174416789d05f53f03979a6e134a3848","0x00ca0900309255fd4d86618214cf1ac3cf77f9a5"],1,5000000000000000000
"0x4938c291ab7e5e51198dfc210824da5d1bd759bf",["0x002759b2de8bc7442b2d1feb5dc58ea962150a1a","0x0cc31ea7e2809600a6ece1905607178e5cbd346d","0x00fcf62d421198a3c9e8be67ac6778d119ea9d55"],2,1000000000000000000
"0x496ccebbb3550b40cc5fb46b111e7b72f5489358",["0x00cd9b7c980b0136c3c333be01aed8c8fd75f9d1"],1,3000000000000000000
"0x496d9b487b78090d9ba0b15950da35bc213dd4bc",["0xe9dbd863af5607fd8f32bf47e340edd6bcb8e100","0xf87e2d334428d69767dc05bb54f54988aedbee77"],2,10000000000000000000
"0x49be90abb08f304dc3ce4d9cda7e5abed79e01cc",["0x0089f4d78c9bcbe98d66bf75dcfe27ff8430d06c","0x3013d62a7357021259c3ee463ec9fbc64de7ba76","0xdb1fc589cf6f2266c0cf9114aec3900e1bed1d21"],2,1000000000000000000
"0x4a79f4683e08e932d6fb842b48fa62d6c411b4ea",["0x00193d46aa34989de315d36e05783fea372cf503"],1,1000000000000000000
"0x4b190b856007286aeecf6a726f9b0ef0eab5447e",["0x00661d2ff918cadd07f194eb6781f7f3af755c48"],1,1000000000000000000000
"0x4c630c0882b58c1ac59ea3edbabcdb803e34291c",["0x00661d2ff918cadd07f194eb6781f7f3af755c48"],1,1000000000000000000000
"0x4c7e21914b6a1c7183455134e24023e88ee90cd1",["0x00a4f48594b142bc7d9316d3ac686c5a539d44a5"],1,1000000000000000000
"0x4cc324763e797435c22478597102f6dd98382ad4",["0xe17cf2efd48b53b4f3873662eca8dd6e3d54abeb","0x136a6aaf9e65ddfd1bf3cdcbb5f4352c130604a1","0x6dcd139a051814f2176d58e080f382b905090f8b","0xb8bb543d689d1ff4d9516fd636756a9be7464873"],3,10000000000000000000
"0x4d12c9633ea68d3731c2603081ff435873114a52",["0x007a4d083e5329203155d7d203464eae35b344cc"],1,1000000000000000000
"0x4d6eb94205ed1ff9d0a20bfaaec2e8c196cf0908",["0x00c91e0530cd233f91e50a2cda81ccf67321f58d"],1,100000000000000000000000000000000000
"0x4e2c8e58aefaf56b8eaa5d3a5c23cbfcf96c9aed",["0x0069a8424c06a88b391bf6fe669173b82328b3ef","0x1d16838eafd88ddbddbc9cf7ce250810573a1ce3"],2,0
"0x4e2d0c204554c7f9cb1e3b3ac1e83dd3b4fc9622",["0x00ca405026e9018c29c26cb081dcc9653428bfe9","0xadf60ee5277fcfc38ae3c96d1be29d9a969dc506","0x827ffd1cec05d70b74eec25d6ee36a194dd456cb"],2,5000000000000000000
"0x4ef53d1d6d484cf7a0ec809aa1a061119d9fd0e0",["0x000a5b94107886c1b34bfa23d7910d14e6621227"],1,1000000000000000000000
"0x4f790a0b278027a0de7326944391e3c40d6bb949",["0xe13540ecee11b212e8b775dc8e71f374aae9b3f8","0xae6ff9cff40d7cc8381d39bbd6a4e39c87f6483f","0x002759b2de8bc7442b2d1feb5dc58ea962150a1a"],2,1000000000000000000
"0x50073fbd5814cad94e60e85407dca3695d8d0439",["0x008c899aa6706078fd26f9838e6af472e7811f13","0x9fc39a877f26bcfb0a37120f4b386fc53a09f89c","0x287f3bed03b4a09bfc54744157b7c0e2302835ff"],2,100000000000000000000
"0x50126e8fcb9be29f83c6bbd913cc85b40eaf86fc",["0xa4e3e53e89e575b32249e6105da159a4f48d34de","0x00907d90d36cced9a3ebce78a73d57184b35307c","0x3af70ac88fad0152c70e1d0ad46cf75a0b70a93c","0x8634516c7bd8c390ef4879151862b64551156ad6","0x11e70ce453de7c83853dd87ecb36ae9150aa6f9e"],3,1000000000000000000
"0x50532e594bc045b75df5e57187e2e24d4655c21e",["0x003448d17e25ae0b5eafd27cd2f00d377a6f547b"],1,1000000000000000000
"0x5064196a0319e133579b94d3aee453c2c0862a30",["0x0024521d1ad1d1b7952afe0b8c5f8b4c8defe251"],1,1000000000000000000000
"0x5149e60db1df662b639bcd4832fe60e03d681211",["0xe13540ecee11b212e8b775dc8e71f374aae9b3f8","0xae6ff9cff40d7cc8381d39bbd6a4e39c87f6483f","0x002759b2de8bc7442b2d1feb5dc58ea962150a1a"],2,1000000000000000000
"0x51ac2051db10b0d05462ef1d7c3f7afd43ed8be7",["0x00e46d71a45b1030384ad03ae9d95d3c017ac3f1"],1,1000000000000000000
"0x51b037dafbd9f1e70993f51c9798b86905eb6f71",["0x1697c3c6b4359124c1b2a8fb85114c67b6491965","0x19f1bbbe436c8e04ddc2b28ba5aaf4b2c176ba28","0xd54e6fdcb787bef88e03aadaa7c6c197bda732ad"],2,1000000000000000000
"0x52c643150e71207153931afe91eaa42a6e18d409",["0x003d3566bb87cf4030863e21e1ed9df02bdf46ad"],1,1000000000000000000
"0x52f377bd91eef4f281cd3ff7e69771aca9c7df38",["0x00b64b216ead6387ef322284cb9eed5c0b5c58cc","0x72352a8e531cecde8aa86220ba817e63efe6e51f"],2,1000000000000000000
"0x53679877643af65d252cd7f918cbde217cc98e7f",["0x89bb5a1880608fe606f6d2c3dc30c3624f3429fc","0xe730b30256bd9d3f5cbfdaad0f584307876acd25"],2,0
"0x537ed6dbbc23f2ad9675a0443990014e9f76f1c0",["0x00633481e98f4555ee7cae548fb1340d663abb9d"],1,1000000000000000000
"0x539077c6e8a7dbf9fd13c16925a9504e3c6e24b8",["0x7fa0e084bdde52866764dd5f1b9110a42e130202","0xe1737a9788e06d8257021f8190b57f1ebc8f83d9","0xdf15a79ac8c84c0f98e11448a565f80c9fd7d2fb"],2,0
"0x54d920b15a6fc49f7c206df8924d5c192da4228e",["0x00b851eda9a38498f477fc4c4c41ff92bbd4ec77"],1,1000000000000000000
"0x54f0fa75f13d2dd521e954adb3ba208611250f65",["0xe13540ecee11b212e8b775dc8e71f374aae9b3f8","0xae6ff9cff40d7cc8381d39bbd6a4e39c87f6483f","0x002759b2de8bc7442b2d1feb5dc58ea962150a1a"],2,1000000000000000000
"0x55f206ccea40fb17134258f11e732f358a10822a",["0x706eed7033847dac100bb3fbcfa3b47ce3f206e4"],1,1000000000000000000000
"0x568742c9170df9eb358453ba43ba535d24a9967f",["0x008351cdddb1d8745fbcf9c64f789b82cb90b997","0xdedaf8201f3431b4930e159081907b5822fd749e","0x6a6ac5611544fe3a1fccb374703075eb50e9f67b"],2,1000000000000000000
"0x569ebba9f5eebe8ed3e70053dfe78af72714c1aa",["0x009283021bbfce277f345d8a06e2d2c0394a1362"],1,1000000000000000000
"0x56f395519ac9ae524ad3a700496140e43fa72dbd",["0x89bb5a1880608fe606f6d2c3dc30c3624f3429fc","0xe730b30256bd9d3f5cbfdaad0f584307876acd25"],2,0
"0x570a68c562af83112d8d0b680661472ba1a9279f",["0x001d54f72af6eae0fdd17009c391426754bec5c2"],1,3000000000000000000
"0x576d62f07edc33be16736c742409ffdf2178a821",["0x0015867f9d39c79cb75a3f3c465412b3f3583284"],1,10000000000000000000
"0x57d6729f695137efc32c9592c9f879162ba81c8f",["0x7777777d56309ea59568e5ec24c1705bdd5eca28"],1,100000000000000000
"0x58155038e9da2f8cf5486d2a457a7530a83d1a2f",["0xe13540ecee11b212e8b775dc8e71f374aae9b3f8","0x002759b2de8bc7442b2d1feb5dc58ea962150a1a","0xae6ff9cff40d7cc8381d39bbd6a4e39c87f6483f"],2,1000000000000000000
"0x5821a5527eb2e84c2566d0c7dae988447d20b984",["0x06e9e0433962c45f74e34c226f4aff8e157a2f75"],1,1000000000000000000
"0x58246c2f07a89ae49faf6fa629b1c034e8efba04",["0x009b97ea40ae08f138192e012bb21f1ff41fa034","0x00b7facd8c94ef0fb4ed69b52a7799196ba9eabb","0x00cc20592559bf4ff5d15434833e009b38d2e863","0x00c79e4d5599e748252cc17eab1e1d94fc4f57bf"],3,5000000000000000000
"0x588536a48b9d47d3117016448926a5e4ffd3b512",["0x00367abf225e66bc296db65c2e9c15c003c1ac43"],1,1000000000000000000
"0x58d3b315cc9f4e1f444a10b592421aaf33d6c3fb",["0x00ac3e6744f539d515c7cd2ab328eb1a46ef534b"],1,1000000000000000000
"0x5913937255279654c16c655cc2ef40c7050311a2",["0x00661d2ff918cadd07f194eb6781f7f3af755c48"],1,1000000000000000000000
"0x5974199ba063187cc8d49ac9369bb053b4c1ff25",["0x00661d2ff918cadd07f194eb6781f7f3af755c48"],1,1000000000000000000000
"0x59a37485648c21566e6795b69c4039b1c02d6655",["0x00847daa89786e1f6bf2d2d1db4152878e83e2bd"],1,1000000000000000000
"0x59bff5a17995fa99686de6200ff3032128aabca8",["0x006fda7cd5eec123999635b9af6e6fff81ddbc9d"],1,1000000000000000000
"0x5a2b63b15a8bf61e4f322c39c18b48a67a9cdd60",["0xe13540ecee11b212e8b775dc8e71f374aae9b3f8","0x002759b2de8bc7442b2d1feb5dc58ea962150a1a","0xae6ff9cff40d7cc8381d39bbd6a4e39c87f6483f"],2,1000000000000000000
"0x5a86492154ccf6f51c7e30f7caac96c6d970149d",["0x00eff0a9ee638942b0b66e4c17f12fcce2e8ec86"],1,1000000000000000000
"0x5a8a0138114dcdf7bb4a27a2a03fb64cf66ad2e3",["0xe13540ecee11b212e8b775dc8e71f374aae9b3f8","0xae6ff9cff40d7cc8381d39bbd6a4e39c87f6483f","0x002759b2de8bc7442b2d1feb5dc58ea962150a1a"],2,1000000000000000000
"0x5acb62c7657fd814f3cadfe07bf009728d3a7d18",["0x00e03eff93bfdcae2415079d4fa8ae775679704b"],1,1000000000000000000
"0x5aff03be8357d53f4758db5894744f51d515e41f",["0x00a917eb0eb751e18173e1f8596b9393714bce8d","0x00b39bd6aa2be7b0fbb8ce80d63f793fe8fdbd33","0x001274c33385c91dcaf64c823e00153d83772037","0x009872f314f25d61d6637585288ec4377ee99594","0x0041bfeba810faa0ffe24c4bc45ec4304a6c5218"],5,0
"0x5b523bd1a0346f52acf33dedd4ba697974cd86bc",["0x0088db9e97689c85a29e67d08f1f0e43bc40ae4d","0x75d27075d8d9aa87e54f05a07a52c5a117436cc7","0x07cf6c3f0844b690d915838358b28b2e54763a18"],2,1000000000000000000
"0x5e341eec52820ec1c1841f20d9ea67973e8c4ee4",["0x0092fb7d9851b1f43db96e459817a95fe44a6146"],1,1000000000000000000
"0x5e7f646d01526213ad31b599db04d5f31ff7a6c2",["0x00fcca0fffe27b8bbc2540a34f4ec6e669898734"],1,1000000000000000000
"0x5ed38634c678a8d5a95234b4b7b2ca07e5bb80a0",["0x00c1fc387e6fa4e188cc100c0f7052ea68e07698","0xf5f56969a04446b6eb9748569ec70dc4b7853cd6"],2,10000000000000000000
"0x5eef2747f49ce446f10036ddf48af6b27c3d61b7",["0x00e8b967faaa4442bb9b19ca8458ac1fa7b51905"],1,1000000000000000000
"0x5ef23c65d747e38a26175d6042337e6cc04ffa52",["0x00e1d51c1a63c4c695d31f015143d4e5a7fa9856"],1,1000000000000000000
"0x5fe4d1375c34933cec23ce6ec903b591dd5331db",["0x009b97ea40ae08f138192e012bb21f1ff41fa034","0x00b7facd8c94ef0fb4ed69b52a7799196ba9eabb","0x00cc20592559bf4ff5d15434833e009b38d2e863","0x00c79e4d5599e748252cc17eab1e1d94fc4f57bf"],3,5000000000000000000
"0x5ff91865a451a09fe706ce5eae8591176709ab3e",["0x7777777d56309ea59568e5ec24c1705bdd5eca28","0x000000011186051f8df273cc03e1dbac7e699914"],2,50000000000000000
"0x60035164864fea8c2d0b124701ee3b24f5f1473a",["0x8b629a47c3c633dadc47d6f0d6f66882593817f3","0x902d2ef6609078612b088de1d65d3edde60e98e9","0x00aeab2654ffa09b5517bad1d619689f9918e5a0"],2,1000000000000000000000
"0x60332cffff9c09427be46159570552f6f240c0be",["0x007ed365e4a2ef3d6970b287cb845db04df15716"],1,1000000000000000000
"0x607f7d9029ab9e46d8b4f0a4e9373dd1b6711e18",["0x0028673fc0a9532a5c0af61ebb8369a4e5219ec0"],1,1000000000000000000
"0x60e2f9eb6fa7cd3984101c4b07d84cc5381f47c3",["0x89bb5a1880608fe606f6d2c3dc30c3624f3429fc","0xe730b30256bd9d3f5cbfdaad0f584307876acd25"],2,0
"0x6107d954b4770ea65a4f88015fb6b90655ac8e72",["0x00a2781449d85b8bcced8cedd15e4be18476d310","0xc3f21dbcd9001f69a1b5ecfe8ee48d82316fe112"],1,1000000000000000000000
"0x6263c353994c14654f2b8d343dc8de2f0eecbea0",["0xd146076bf3ac3fe60a28d4bf9a60eaf4fab8af00","0xc9d0964a14567cc9e5565ce363aeef8e1adb1380","0x61330459c0a6bb16f78dba570b1051c58c0c95b6"],2,1000000000000000
"0x62bfcfab786cd93c6c3e9224ab451b99bb26a64e",["0x0084a6c66fe9a50ad498eda23108de2cd07bbb9b"],1,10000000000000000000
"0x6344d1d10befac3f4b646c4bc7166ff08d46b40a",["0x00e6a69c79dba69f6ea988ef22d1266db578f37c"],1,1000000000000000000
"0x637cc72b210546e0af1590fd2c9153501f3d1bfd",["0x61dba2fcb9a2ff97c8b7a5462380b3bd7f317379","0x03118e02ce007a0f0d1c9d806c2a7d5ae2f26995","0x194f0149019923c31800c6237e38ffda06f45ea1"],2,10000000000000000000
"0x63c88f2d1d8f4f9f669fe2064c7fee4a7a26d949",["0xcf0086841fc3df129601bbc830a8e931a51af5af","0x3cd460a72721607cd31d1d4431203c16bd86b40c","0x8e3d7060faf7ff958a5a40ae1dfb778cb5c7c10b","0x65c51f35bdc8fbdcdcee1ae390a15837f25b5282"],4,10000000000000000
"0x64ac37c60a0d16aed4e48f27fc8a7c78b839e9ca",["0x00ae73f3db859d6d6078bce214bf40d2a5392716"],1,1000000000000000000
"0x651a3731f717a17777c9d8d6f152aa9284978ea3",["0xc11f47ca3bf35700ae382a4dc11f9cf0b737f69d","0x14fe38c442e3c0037f51b7fbf2662c666812ee55","0x7897d1c1db8095171d839d771398d2286cc87f57","0xda322a4cc4ee3d096b750c570f3c2faf28835fdc"],3,0
"0x674ea6ce0e381c3b96107c9962b1880b09392c41",["0x00f0e09e6a0983a48121a90c885a7ba5db5a32db"],1,1000000000000000000
"0x67b52b4b693dba3d8c1534b0c1dac27cddf97b2f",["0x00838457098cd2903f52c17c3c9ddf4b8e3a043e"],1,1000000000000000000
"0x68952c720dde3a0827bfd70a60d48c8d9588fb45",["0x005628b54ac646584263fd4e578133d1a2322424"],1,100000000000000000000
"0x68a01cf2c40ecd7f37b85ff4b9eece128c6eb75d",["0x6f680fcfc0cb98072ad066e207af814fdde4fe8f"],1,1000000000000000000
"0x68e75dd2d38f0302a07895223bdeb866e49e02fd",["0x00661d2ff918cadd07f194eb6781f7f3af755c48"],1,1000000000000000000000
"0x697bedbd0ab6079c90d23510fd6473c7b1e9e202",["0xe13540ecee11b212e8b775dc8e71f374aae9b3f8","0xae6ff9cff40d7cc8381d39bbd6a4e39c87f6483f","0x002759b2de8bc7442b2d1feb5dc58ea962150a1a"],2,1000000000000000000
"0x69ad38baa72a277cb83d1eccc6279552e0f25dc0",["0x76578e5a5af33190ed61479266bdb21e8935ae73"],1,100000000000000000000000000000000000000000000
"0x6a45c0ac25b9e6e4b07d9a37fca6de56766872aa",["0x00e46d71a45b1030384ad03ae9d95d3c017ac3f1"],1,1000000000000000000
"0x6a53b3fb6d25c07072ec03009750fef5c44f357d",["0x00712fa7957e4ddd3cab0f0ac85e285f365ea321"],1,500000000000000000000
"0x6a7b087f4514e0bdbed6d41c9d71a8a2848c178e",["0x3e14fd775d9dd44937ba81dee0e3ac84712d9967","0xaae0e9986bf02434c453e38060676acc6dfef8a3"],2,0
"0x6affbd9a31644e88d56b5b265c6ebe9dbe619503",["0x00e062f27c7ebd904f5d8308d799f7ab19bf692c"],1,1000000000000000000000000
"0x6b1c036cd31e4a3d09599451a8172eae2e7b0254",["0x00be10bed014d5c0c5af1fc81a91d804e846849b"],1,1000000000000000000
"0x6b996ea4b3f311a3c3864549ec8df10133d94b35",["0x5b56f1dfa1e9d646992ad1c96514fe519b268541"],1,1000000000000000000
"0x6bbb55bde42bb38f0fe70f3579c762bd6904813c",["0x008fcbee5f92a49c67e6e865b5fa9d3e1a0926ca"],1,1000000000000000000
"0x6c5d4a057b94136d0e2df7a76fb0af7e80ac4923",["0x0082e8bdde04107bbe525f934b41c71cff695355"],1,1000000000000000000
"0x6c944ade51842cc3f557853619cce328c3d138ad",["0x1697c3c6b4359124c1b2a8fb85114c67b6491965","0xb82c49f378499008562a56a5e93c9320a903332f"],2,1000000000000000000
"0x6cb2bc8af04dc5da25dfa001be49d65872e32e79",["0xe13540ecee11b212e8b775dc8e71f374aae9b3f8","0x002759b2de8bc7442b2d1feb5dc58ea962150a1a","0xae6ff9cff40d7cc8381d39bbd6a4e39c87f6483f"],2,1000000000000000000
"0x6cbb6dfe3c91b559b7a8ed22badb37244107a423",["0x000b92d99d70876ff0c8289bcf40005e1696b070","0x000b92d99d70876ff0c8289bcf40005e1696b070","0x001a8fc8b405cdcf767efe0aa4ab229b7ea7ba11"],1,1000000000000000000
"0x6d95a950998dfb327d87298509b2f0a7364a164a",["0x0046c04256ce71f82bd12367cef1ccf5d9f3e505"],1,1000000000000000000
"0x6dbb825564e85925b0414fdbd41f764ec475c59b",["0x003448d17e25ae0b5eafd27cd2f00d377a6f547b","0x50532e594bc045b75df5e57187e2e24d4655c21e","0x0fde350772d5d4418486797185e092124a4bdbff","0x003448d17e25ae0b5eafd27cd2f00d377a6f547b"],3,1000000000000000000000
"0x6f25bd1075dcf8309a907cc04c0deb1d15fa3fc3",["0x00661d2ff918cadd07f194eb6781f7f3af755c48"],1,1000000000000000000000
"0x700f39cdb7a27bc63adcff51415939a2e6836e3e",["0x215eef7b2d0709a67ad8fc15cff7adce8b81aa61","0x5b0998d5eebb2f999b0f1b25501593063ef1b2e6"],2,200000000000000
"0x70567688019c11e414d9aadc133df158ed62ea06",["0x0092a097ce043c160b5f3de3eb3adcd88cc1d92d"],1,1000000000000000000
"0x720a73e8b8682674eee2d815f8d69e79091f76cd",["0x002736d24d68589a8695705662c513a9c012dc56"],1,2000000000000000000
"0x72a7197bbccbe6ee1e9c688645436ed06017768a",["0x0004f120dde50e94416dde0d3610a723afa86927","0x0056fba2a9bf8343b52cd124313073c63d338379","0x003c1fe6e9994e5a88d214b5c5ef6bf5df2e245d","0x00f050183945161d9a1eb93369a4e949e4992cae","0x00698d9761e4d9d6239a1233ed7372818885ad80"],3,1000000000000000000
"0x733c806ad2449581ebf4a85d70d6f38b76f85713",["0x89bb5a1880608fe606f6d2c3dc30c3624f3429fc","0x3ac6cb2ccfd8c8aae3ba31d7ed44c20d241b16a4"],2,0
"0x734722831fcf451fbf2ec4a094aeca0a5007be00",["0x003dd74078c058144e5aa8fd7853b8fcff96a44c"],1,1000000000000000000
"0x73f1cd5face85917543c1c4b3dd8e88ccfa4965a",["0x00bccc4754ca395932afd6e1e15b96592b9ba42e"],1,5000000000000000000
"0x73f879679b0fd8b25196834fe3e7a9615ea1b608",["0x00936b4461cd682852d366be21f08a145d9663d5"],1,200000000000000000000
"0x7433904dc974b9ca83740640749e40d4243e9620",["0xa4b15d83ca9935b637bd40d556cd749194261a75"],1,1000000000000000000
"0x74864c79bc0a9da30b481a4d83b399df6cc15fea",["0x000705c191c65bfede30ec64940d3154c4b2c21b"],1,1000000000000000000
"0x74b16e67582e66f791ba45c65f70b84c54541e3b",["0x00b851eda9a38498f477fc4c4c41ff92bbd4ec77"],1,1000000000000000000
"0x74b8ebae3c02f248eca5b1ef7b50d4d9c49f70c2",["0x61330459c0a6bb16f78dba570b1051c58c0c95b6","0xd146076bf3ac3fe60a28d4bf9a60eaf4fab8af00"],2,0
"0x75520dafacbe7669820f82709ca2feae9ec4f57d",["0x30a851fdd0cbe6db0a95b9d7483aeb7774e94f95","0x53fc49128b5e224534173d379c28c9427467cfe9","0x3f39503181a198420eead08066e18d111ec5c224","0xf34d2c5da5b1459d1f0ab5dcc3777af0cdcec75e","0x52232f5af129d6c2924203cd60f517197b6f6e6d","0x714a99d8b51422bd4326de5443a39b374b97dd46"],3,0
"0x757ace477985fa469a008499184dbe449a045ab7",["0xe13540ecee11b212e8b775dc8e71f374aae9b3f8","0xae6ff9cff40d7cc8381d39bbd6a4e39c87f6483f","0x002759b2de8bc7442b2d1feb5dc58ea962150a1a"],2,1000000000000000000
"0x764a1c7bfd2a8dba90f41226c54e9bf88c706258",["0xe13540ecee11b212e8b775dc8e71f374aae9b3f8","0x002759b2de8bc7442b2d1feb5dc58ea962150a1a","0xae6ff9cff40d7cc8381d39bbd6a4e39c87f6483f"],2,1000000000000000000
"0x76b51d3d4337b09757a412db0c57182329481a48",["0x6a18a30ac4d2c8c1d34981c6350189ec746d12f5","0x00cbf02656187dd24c981e406021f43fc8fa69f2"],2,0
"0x770b2a36a396f47ed0b6ec41d9d6e77fc1c48985",["0xc5baa5eeb01c01900d7db0f9ff63b39985ab8390","0x002dbfb2e94f8db85ce47333619dbbc6784e2638"],1,0
"0x770c49391fb6d18513c006cdb1ea383ada714d9f",["0x001ed2afd73ab387d0085beefec37a1cdc90b977"],1,1000000000000000000
"0x779cdcb772d2afd7a74418637382d40b4a4330fb",["0x76578e5a5af33190ed61479266bdb21e8935ae73"],1,1000000000000000000
"0x77cc39282a160a4a565f10e83c36fd0544965b6e",["0x0009676e0862836a24e5e187876e8613b3d4d80d","0x5ca7f20427e4d202777ea8006dc8f614a289be2f"],2,20000000000000000000
"0x788b28b5cb82a6d73001ed2b2f045e0b5186fd64",["0x89bb5a1880608fe606f6d2c3dc30c3624f3429fc","0xe730b30256bd9d3f5cbfdaad0f584307876acd25"],2,0
"0x78bb49e80972bf8e5cca4b5092e07ccd272169d6",["0x00e46d71a45b1030384ad03ae9d95d3c017ac3f1"],1,1000000000000000000
"0x7b36434cec98d70cc64ea93f3d9873d4edca10cb",["0xe13540ecee11b212e8b775dc8e71f374aae9b3f8","0xae6ff9cff40d7cc8381d39bbd6a4e39c87f6483f","0x002759b2de8bc7442b2d1feb5dc58ea962150a1a"],2,1000000000000000000
"0x7bf67bdbf58a3c7a6eab82788273960702fb4dc9",["0xbdc21fae769d7f5469993d8e83b465495d88cfc0","0xf5422827e1a3791fb06605aff0d24fb824be126e"],2,100000000000000000000
"0x7bfc9294c9ae9d17a5abd6839b1301622a523640",["0x00dd4483878cdda2ff9c3a66efa83223fb213d36"],1,20000000000000000000
"0x7c56961d3c90313561758e7b4163e4c2f8da0a79",["0x001ef619629a630a47ea7a3c1d52d96dbfd60223"],1,5000000000000000000
"0x7c6cb1f881bd55fc08e091b82f3f8e902a7329ca",["0x002f06a144c14613e48e8319f57fe6c45ae4ad26"],1,1000000000000000000
"0x7cb40f0df5a940b6785baba223620ed2e5a65975",["0x002bf4e42fd955c6de03682ba5b6bee29111bc31"],1,1000000000000000000
"0x7cda7e8f32f2c37e4aae627a98ed130eb4a678f8",["0x00bae7a51a4cee1cb5a115747a4e979451af7e04","0x00191e10231fc851212b37fd2dc022aa2d7e2b60"],1,1000000000000000000
"0x7d8d62adaa4e4a3bcb50464b7d414f5ed07ce940",["0x00661d2ff918cadd07f194eb6781f7f3af755c48"],1,1000000000000000000000
"0x7ebcdaab21a47bc4a7bd29898ec42a2fe166f740",["0x00d7c902fbbcd3c9db2da80a439c94486c50eb81"],1,1000000000000000000
"0x7ef1839b5b704a6a16d8eb0df8c566f8ed335308",["0x00661d2ff918cadd07f194eb6781f7f3af755c48"],1,1000000000000000000000
"0x7f379a0d99d224d487ae4751cbf261ae6037153e",["0x022c5b41084d0806b92726950657ba3f091ae92d","0x7cf8e74e6976e7008c63f2591511cee59b10d5ca","0xa38703733e13d6dddcaa4422d9f6451b05f95c67","0xb0ffd0e675fbb80cc262fa01b5256dae2cbff3f4"],3,5000000000000000000
"0x7f4513ca0825ddb484763f8e96cf6d61207f125c",["0x004956d413536ca2026125ca339edcd363bb47c5"],1,1000000000000000000
"0x7f455c9c0181b8e671724aa71178925a1a487bf4",["0x0010615833a53eebfdb71e89b1050b76fe824e33"],1,1000000000000000000
"0x7f8e70a2851942346eb08ac9b506f83ffbff1138",["0x00320e0ea7612530bf7289544833d69ee2c2eebb","0x2a400a384977c80dfdbf17604f4601b32e88df5f","0x053a8f1ad20037cc3ffe67a98ecf5f5a8a9ac815","0xf1f7e2e19f0eaea6b7cb84b20e790d2ee61cefe8"],3,1000000000000000000
"0x80260b19fa28b51aaf61dcc5d3846f206eaa2ca1",["0x00f23d47b6aac49b3279ff467a4e58035b513514"],1,1000000000000000000
"0x80be1f02d789db2704be5a9f6b97ec8713ebc529",["0x7777777d56309ea59568e5ec24c1705bdd5eca28","0x000000011186051f8df273cc03e1dbac7e699914"],2,100000000000000000
"0x80c1b7dedbc495be0de1304c2eda7f55e385453a",["0x00be8ccd504cc49a1d34a54c61d5a586028a0348","0x00fa9ec8ffa927aebfc9d5bc19405be2bf361db9","0x00b409403c4804a5573ab89c288b625e20a71a1f","0x003ce15f313d732065083f563d7efa1efb136a70"],2,0
"0x810e5f7f6e986f27a8e7bbfc5f69fa0d38a96777",["0x00661d2ff918cadd07f194eb6781f7f3af755c48"],1,1000000000000000000000
"0x822c3fa5cfa69561048a91c707fcf26d21a4fb9a",["0xe13540ecee11b212e8b775dc8e71f374aae9b3f8","0xae6ff9cff40d7cc8381d39bbd6a4e39c87f6483f","0x002759b2de8bc7442b2d1feb5dc58ea962150a1a"],2,1000000000000000000
"0x82a0c951c4cf920e45a7bd6a1ac2b1d8d4e3d5c5",["0xd989f5b2d02aada834630653aacf4c010c2b2660","0x9d008dc53b6c1e137cd4d368f0a24b68a603b2f9"],1,1000000000000000000
"0x82e8e737e1080b70e6ed3d8f96cef519b5e29129",["0x003448d17e25ae0b5eafd27cd2f00d377a6f547b"],2,1000000000000000000
"0x8306f9bdec388231265e77225c4e28eb716f6b55",["0x00611c10229f18de5997505c3a06fc90cbe75e5f"],1,5000000000000000000
"0x83194029697f575530d62ea047ed9651586660bd",["0xd54e6fdcb787bef88e03aadaa7c6c197bda732ad","0x1697c3c6b4359124c1b2a8fb85114c67b6491965","0x19f1bbbe436c8e04ddc2b28ba5aaf4b2c176ba28"],2,50000000000000000000000
"0x83d20d869a9dcbe6c49c553735beecdbd6c802fb",["0x54e13ca8e3be520a6858acee04c6e1f562ddf443","0x286635c294b61bf10f416bbb7b579a0035379d33","0x26bdce6e4ea9afd060049993ed11f153eb1e322f","0xf5200578ee1147886b55cfdc3e7798557dfaa1b4","0x534206b24e54e1edd4940cf465e5b66db0ad73b6"],2,10000000000000000000
"0x851286854a2c56eb74a082fdad9d3cf87a218df9",["0x005aaaece78f4228aca222de6525cd80135ee04a"],1,1000000000000000000
"0x8728c6f8d81a2b70025fb54d296d5724801cdebf",["0x00f85927d7f5659040546649f29cdca291f663ed"],1,1000000000000000000
"0x87d3f07ae86953b1ae559f8870696168c4e20ab1",["0xe13540ecee11b212e8b775dc8e71f374aae9b3f8","0xae6ff9cff40d7cc8381d39bbd6a4e39c87f6483f","0x002759b2de8bc7442b2d1feb5dc58ea962150a1a"],2,1000000000000000000
"0x87ec963c1ffd815432ab8800a374328538b1211a",["0x00661d2ff918cadd07f194eb6781f7f3af755c48"],1,1000000000000000000000
"0x889ce51343cd4e4ac3864c2472ed9bf62713b012",["0x00ec8216bf79ddb7bd4fabcbc863ef93889b1c63"],1,1000000000000000000
"0x89ec959fd68895dca52bd02865ad3c30d6196684",["0x008fcbee5f92a49c67e6e865b5fa9d3e1a0926ca"],1,1000000000000000000
"0x8a1709188d3626155f33483d4e69085b4c17ab80",["0xe13540ecee11b212e8b775dc8e71f374aae9b3f8","0xae6ff9cff40d7cc8381d39bbd6a4e39c87f6483f","0x002759b2de8bc7442b2d1feb5dc58ea962150a1a"],2,1000000000000000000
"0x8a2e61965dab7cbdada24aaeb54612dc882395d5",["0x0009676e0862836a24e5e187876e8613b3d4d80d"],1,1000000000000000000
"0x8a65df1c21800cb3860d7ffab517bcceea685fb0",["0xe13540ecee11b212e8b775dc8e71f374aae9b3f8","0xae6ff9cff40d7cc8381d39bbd6a4e39c87f6483f","0x002759b2de8bc7442b2d1feb5dc58ea962150a1a"],2,1000000000000000000
"0x8ae1a1a78c326abc8c7de3e70a8a6bdf9328e0ba",["0xd3fc8fc1df301e7ef90f1949df3c4f8860ae2062","0xdf7e1f46f3a53552c168f28ad95ef5eab6283178","0x00a20a450a79a1f8b7e19858dd55712b47542ff6"],2,0
"0x8aed4f7475f0ac5f7973f55cf685ee026c2a1eaf",["0x00324cb4fc083ccd738ff2ae764e60c80f91a5c0"],1,1000000000000000000
"0x8b7371c7e8b4bc78b4f9dd1009e1a2ec862a59ee",["0x006795cafdffc4c2f6237884546fa172f0da2c44"],1,1000000000000000000
"0x8b7af85a82c081ba4ba556e925547325fae43b98",["0x00134e74778c68aca8aecee487242e5d381d457a"],1,1000000000000000000
"0x8bbaf6956e8e2aef3eb8f192f5eaf48b4bbbb126",["0xb502815548429d0266a08dfa141f4c0e71bdb0b9","0x1efcb90dc77478fba3d50f055c6ba57952baafcb"],2,0
"0x8c6b5e818165601a3e7faedcb0453bd1285eb0cc",["0x00da8ce14fd3749d0ddcb44bf5cbe42eafd7da24"],1,1000000000000000000
"0x8ca62efdc496a0a1f5a76df4833519005c0da16b",["0x3f00976e5582addadaa829ab17d256373ce02e8a","0x00da2b55ad44c071f474440a96b95ea716d1a119","0x009ece511c7e67a0bd950aa2f2ad4a4cde81f48c"],2,50000000000000000000
"0x8cee09a85474533d894808b2b1cb3df81d7314ba",["0x00e042d994963b04861a5b4ee36ae8c154b12235"],1,1000000000000000000
"0x8d0edc2c55ba4337335e686b88bf40faaafb9797",["0x0006bec31f8c343971c36f6c1271e5f61c8e3919","0x8d0edc2c55ba4337335e686b88bf40faaafb9797"],1,500000000000000000000
"0x8d2ee01dd9e947067fda69e3b62064556a92d1c8",["0x00e74be51e04f119d5ced0a91e1df162f85b69bf"],1,1000000000000000000000000
"0x8d5e5f250a1529ef52adcd8a8912f85d339dae6e",["0x89bb5a1880608fe606f6d2c3dc30c3624f3429fc","0xe730b30256bd9d3f5cbfdaad0f584307876acd25"],2,0
"0x8da4fdb54691fa76a44f7a03f8bdcd3da5216243",["0x00e46d71a45b1030384ad03ae9d95d3c017ac3f1"],1,1000000000000000000
"0x8dc9dd62048d2c2a9013590cb4fe1a5acd73b440",["0x00c149db75747988f4e246ed04b355166a9b6a22","0x00ae415ea8b6b5552b63a8fdcadd310ca0e94fb9","0x00298706587c5d18599337f17621b35de14ff6c8"],2,1000000000000000000
"0x8e2495bf4ca2eea20635e15d0b2837ccdff70453",["0x0020058aef52ca0325e5a458cd82082f54229dba"],1,1000000000000000000
"0x8e4b3eadf078a80a3308da16fce741c2c20305a1",["0x5aa9cc646d4df7b9a1b332155e14d72e0af17b11","0x5b0998d5eebb2f999b0f1b25501593063ef1b2e6"],2,0
"0x8e994e25be46c822889e666f4334608580de20b7",["0x0059416dae3cb9a9ba4409ba68682e8efbbd0e55"],1,1000000000000000000
"0x8edaaaf2f30edd0a561c219f475fff026cdac575",["0x00006314ee6ba5a9421e4aa6a47c6867a882bd92","0xe977ea9ea90d1924f85977d22c83f672b51f3128","0x15307cfc2ec92a5dd0397b445595599a02ca6c4e"],2,0
"0x8ee1dfed72c8c401da3525033d471420a1da466b",["0x00c4adbcc4584b6c3424490347a28a5c56e6354b","0x00a70211c27772968c7439112e4de23b92ac8c85","0x00addc03cc3a9114d2152ce37bc34b5e2a9e7a82"],2,0
"0x8f4b3c36196a4c94c69debded3060424e339c2ea",["0xa31ec57bb313e8fa8ece24a4afda7d4f0dfb0d2d","0x06c27fe0e05ae5712857dd383ecc323d8917d948","0xa65480ceda2c2535c3e301773f4b801070cca980"],2,0
"0x8f877a49f41f2f59febf3fb2f239fbe65d09a6bc",["0x00c4adbcc4584b6c3424490347a28a5c56e6354b","0x00addc03cc3a9114d2152ce37bc34b5e2a9e7a82","0x00a70211c27772968c7439112e4de23b92ac8c85"],1,0
"0x8fd3c6fb67a0a65e1353945da3a7cac1c1d14cc9",["0x00bdd77b36ca148f61963f82e4dc69a7a249e952"],1,1000000000000000000
"0x8ffc7827beef0893941a22df4a0c4f7c23e01621",["0xc5baa5eeb01c01900d7db0f9ff63b39985ab8390","0x002dbfb2e94f8db85ce47333619dbbc6784e2638","0xaff607711fd96e20a34bd09b33232b66b6fa0c2c"],2,0
"0x90ab10474633d3496f661a987025366620682b23",["0x003448d17e25ae0b5eafd27cd2f00d377a6f547b"],2,1000000000000000000
"0x90f737392c48618242b28eaa8d4fdc4793af2676",["0x008d4fa11e6d45d6fd8b1151bd1c556d05afd7e3","0x9ed07b5db7dad3c9a0baa3e320e68ce779063249","0x4a8441212108cf6bafcf31e8f43fbcaca50d0943","0x0fe0ecfd53525fde9153e4c3acf66403b392a832","0x984be5b537464be838ffa1cc558764f6b77ddbcc"],4,10000000000000000
"0x9121130195036dcaa494a9983e9431c700dae7b5",["0x00ad72360a88dd370de276117c1268c23e41e057"],2,1000000000000000000
"0x9129010ae8e0489751a1995293b65a78b8bbd58b",["0xd54e6fdcb787bef88e03aadaa7c6c197bda732ad","0x19f1bbbe436c8e04ddc2b28ba5aaf4b2c176ba28","0x1697c3c6b4359124c1b2a8fb85114c67b6491965"],2,1000000000000000000
"0x91355a38d8eedad0bfc0a2f18c590e26e7f7df9d",["0x00081d4abf02bb33538d277ff7240da90557bd08"],1,1000000000000000000
"0x91c444fede3cf8aff05bf6f9bea268dbb6142829",["0x5b56f1dfa1e9d646992ad1c96514fe519b268541"],2,10000000000000000000
"0x91efffb9c6cd3a66474688d0a48aa6ecfe515aa5",["0x86ed2df3159171dd3fc8361ae0e7c59f46cf0ea7","0x6d0adde6bc61af8f01f6f7019a4fc9a0d2654b73","0x003e3b48e8b8d72aa5fcddb5e2d71d5eb2de2f53","0x003230bbe64eccd66f62913679c8966cf9f41166"],3,0
"0x925b853fb8c0f417325839113550a82a4530e09a",["0x00e7593cf46f7bade266f08847c2cc233a9f3c8f"],1,1000000000000000000
"0x927a1af0a4f6584ef3255761290e7f657f120588",["0x0039cb01875bb741492d14b86ed4968123d684b4"],1,10000000000000000000000
"0x93202dcdbe77c43b3d6035afa0b5fa42fc4662d9",["0x006cb027537258330bccad21a3037d84df3a3889"],1,100000000000000000000
"0x93ebfb624be70e131c78bf3e75cc269a92727b8d",["0x00a7ae45065561a234831473a656b360a5ca72a8","0x0055cfe40a739aabd559b3d592842dc7cbbcd650"],2,0
"0x94c333b2c8c1a7b061cc4f9100cab5cc5f13eb2a",["0x00e46d71a45b1030384ad03ae9d95d3c017ac3f1"],1,1000000000000000000
"0x94c793a5c86e2a690bc8a35e0daef3a5e537a64d",["0x000a5b94107886c1b34bfa23d7910d14e6621227"],1,1000000000000000000000
"0x956ff844abd8f58add1160c62810ad34befc8bbd",["0x007f93f37036712a02d572fbb4eb5cb6217ef823"],1,150000000000000000000
"0x9581ba163b67786d21d539def28e27019fa7a66d",["0x003dd74078c058144e5aa8fd7853b8fcff96a44c"],1,3000000000000000000000000
"0x9600b33b44d0cbd2ad4164cf2a8de6b13500254a",["0x006fda7cd5eec123999635b9af6e6fff81ddbc9d"],1,1000000000000000000
"0x97d2e85559b74e148111aa1fbdf5ba49688a96e7",["0x0054b084fd4688bdae40dbc4ade7ff15e451dcb8"],1,100000000000000000000
"0x990ef5561b73dcce62c40a05cafdf44a16386951",["0x00661d2ff918cadd07f194eb6781f7f3af755c48"],1,1000000000000000000000
"0x99a535ab572a2cee6809f17cee35fb36a4b29915",["0x89bb5a1880608fe606f6d2c3dc30c3624f3429fc","0xe730b30256bd9d3f5cbfdaad0f584307876acd25"],2,0
"0x9a0df4d6158549151bdc3944fc1f8c3f16600cf2",["0x005fefe5c744f7a7d3c3177de756268ceeef9ae6"],1,200000000000000000000
"0x9a89bcf8960cfa516de8521e62621fc39b3d3a04",["0x89bb5a1880608fe606f6d2c3dc30c3624f3429fc","0xe730b30256bd9d3f5cbfdaad0f584307876acd25"],2,0
"0x9ada4303a1953faf0762b3e25db2c1f765d1adcf",["0x007f93f37036712a02d572fbb4eb5cb6217ef823"],1,200000000000000000000
"0x9b6fd6fef6e5be6191b69f2e69c3018393233fca",["0x0003b3bf878cbfaf1d3c763177bd9e4816e63e93"],1,1000000000000000000
"0x9ce7318fc46cddfaf3089327b4d58d54784e541c",["0xa4e3e53e89e575b32249e6105da159a4f48d34de","0xffd54ed8bc5e07a3c306e457fd84c677271bc372","0x008bac1278740dbb463ff8efbdc8b195351b6beb"],2,10000000000000000000
"0x9cf8c9cf58cf5b3d41f142ceff9488d5d189d6fd",["0x0089728bf592a96d6d8a9520fc3106919f6324d9"],1,1000000000000000000
"0x9d6782566939500d1444c1ee684c205920377114",["0xe13540ecee11b212e8b775dc8e71f374aae9b3f8","0xae6ff9cff40d7cc8381d39bbd6a4e39c87f6483f","0x002759b2de8bc7442b2d1feb5dc58ea962150a1a"],2,1000000000000000000
"0x9d8fe087ccbdee7ad4429319421b347b26eb29bc",["0x0039df9bf36d2002824e733a49d505b74e820623"],2,100000000000000000000000000
"0x9ed5cf624a0fd02b2beb911691d2a8db0b63937a",["0x00120bdffacbd65579e51de8ae35b26a3ac64660","0x005b7b1ed0c9880527f3242058aa6a4a0cdbb675","0x00046232668c6ba6af963ffa9df056b30f4d938d"],2,1000000000000000000
"0x9f6443e9181a1569126ef1b1f5c45af6ca8e843d",["0x00457b82c0fa43c7fad53747e15ecb65c0f02117"],1,1000000000000000000
"0x9fc9e6fe3567cfe89cf8de12ac051955b8865308",["0x0006b28ac5d5c46beb1a14fb8fd7c04f84eadbac","0xa5ba162c959ea6a8fcc93aea45dc2451ee689a76","0x18a672e11d637fffadccc99b152f4895da069601"],2,1000000000000000000
"0xa0c8ee19a69ad6d021959b69476416aac1d4ea10",["0xbfaa871cc61533679fb74e583e2e023a920fb565","0x244e9b38fc1c655de53a8ba5a4760f6e8001403b","0x00711ba4245b105bde091e32a5f288c36819754d"],1,0
"0xa113f56092cefb9255c56813de43c6ca2d80681c",["0x00dd0248927ebf767ef1a3349b8b8ea98ea29055","0x00a25a2c973eb39b64ce6a7e0f246987cf0c7129","0x192222a03218d7ad1955d7bf44175e3594a328a1"],3,0
"0xa2a5811713b6019e99401132ce13ebb77bb76d15",["0x0081396586bffd4abd1410c6d091b90a7a8c6729","0x00786f6b2246c0af1b3bd92773d06c6a5426f44c","0x66c6ffd29f22051197b4f1bd6d51916b6ad4ec94"],2,0
"0xa2c76fa7587985b45a912e3e43041fb579a81ce8",["0x0023f9002bc54cb25edbe1e36fc8e56f5f83b5d9","0x004444ef69e7e3596657c01ad056821f6a0f8c01"],2,0
"0xa316a531a66c8f708f593554736618dc497b4716",["0x00a8a5f940c6a50b82297378de8e45d97c91c139","0x007668a0c0931ec759123fa527ecf932db9c95d1","0x0076314c491a3d0ccdd23b62e8a6ebcc5d9ceda2"],2,50000000000000000000000
"0xa34ffdfc968a80ba1c77248520cf60142eb63ca0",["0x00d87e4d369067b37ded1b60d1ade2b4d309e43c","0x00b3ef71e73e5a1304fca5ce9a58067eac112ede","0x00c231074786574f4ec8338b60d46937fb5ead6b"],3,1000000000000000000
"0xa3645ec50b6c9c1a3467aaddb0483f7325c0409d",["0x0060ff6e5d282b88a24093052e9748835b357136","0x2cb95f5c1ad4980bf873abc21c25f2b3ac3df8ca","0x002dc1524b2e0fd61767ee2d4dceac4c3c09d0a4"],2,5000000000000000000
"0xa382dffc9b6a0f13cc74a881c6b5fe0e67493fca",["0x00df8e77d5fa0630144e147ccdb0b504f9c05a8d"],1,10000000000000000000
"0xa3839f00c8afa8926ee10e8d88e15bc9eb52a590",["0x0051c74df0b88379057e81282b92b23fff68b748","0xa3839f00c8afa8926ee10e8d88e15bc9eb52a590"],0,0
"0xa3a22aed1d45342c96012c64104bb8b121eca07c",["0xfbfa258b9028c7d4fc52ce28031469214d10daeb","0x008ae5624a944d5eb8bd5ecbec8c82f9cdeba667","0x5cae9bc0c527f95cc6558d32ec5b931ad7328088"],2,0
"0xa4633ce0cde310ce813ae9b3bdccad7b6db83390",["0x3af5f67d0762b55eddaed71a5045d3f316ee8b37","0xb3dc56d1c1854dfad985e3a41a6cdb1434be05fa","0xe13540ecee11b212e8b775dc8e71f374aae9b3f8"],2,0
"0xa4c3558924442efc6a7a33d827622532897a894d",["0xe13540ecee11b212e8b775dc8e71f374aae9b3f8","0xae6ff9cff40d7cc8381d39bbd6a4e39c87f6483f","0x002759b2de8bc7442b2d1feb5dc58ea962150a1a"],2,1000000000000000000
"0xa4f988bd98b70c2a58efbb8d6fe0583acfd9e298",["0x00661d2ff918cadd07f194eb6781f7f3af755c48"],1,1000000000000000000000
"0xa6ae6a5d2853262a3f591043ea63d4b06940ef0f",["0x00a8a5f940c6a50b82297378de8e45d97c91c139","0x0076314c491a3d0ccdd23b62e8a6ebcc5d9ceda2","0x007668a0c0931ec759123fa527ecf932db9c95d1"],2,50000000000000000000000
"0xa71a61e0bd73f919f9a55a6bc0d39ca279c7ce2f",["0x00d0d1d45514c80a4814e542869800fdf69895ef","0x00307129b9e02bc30620b42fbec7a806bfa07e56"],2,0
"0xa73c7171cda453bb44000c80f6a9221718b16211",["0x00cf5c9e5605ff2274a99b8dd49de6343067c839","0x00d446d9eea21528760948a6e4042c3bae08987a","0x364b9ae56bd21d3dc1af5fb7bc087e60c752495f"],2,0
"0xa780f030c766808068cc75e83248f53b1af1a3ab",["0x009c02d26fbe1bb09204f391ac04f695c315e0bb"],1,1000000000000000000
"0xa7950e88d0c41c1396fcb84c2d50286194538b8f",["0x1d16838eafd88ddbddbc9cf7ce250810573a1ce3","0x00053ba7778a1683e2a988ec0430aeb819bc0a51"],2,1000000000000000000
"0xa7bcd18b8785db796d309de9283ae86bf007ac0d",["0x00633481e98f4555ee7cae548fb1340d663abb9d"],1,1000000000000000000
"0xa8259e82e086c6d78ae38bcd873026f1f540ce3b",["0x00066baa40424bf2d3205f1e29fb8cb9df4520be"],1,10000000000000000000
"0xa90eab04e963e3cc086a2d3d1ad5e74fd9f88b8b",["0x2d0223cc2f5b6743ce28212ee479645d8d6e2ef5","0xb9c336a4ba0f25eaa67ee5ca89ecf3491a1407f3","0x37038849339b399c4aa6b07b745e249378b33089"],2,1000000000000000000
"0xa96b0d4cacc9714f69e42bfa49cd20858eb2fe24",["0x00811cc262cc66972083e6e00fe43ce6b9097ef7","0x00be48f02aa751c09e082d2c754c33019d9d0839","0x002cb22591b8d5059478ae0f9fd248f80e5f03a2"],2,1000000000000000000
"0xa9773163b1d0d317fadf3a48f2e348d671d5cd8b",["0x006234e59ab6a3dd7838a522bdac1ef85c725342"],1,1000000000000000000
"0xa9b1d13399687fcfab76c9a52ad59cd225134ec6",["0x006282875ffb94f2f46063a00cee768003ba0ef8"],1,1000000000000000000
"0xaa693f51d92179c282c700b7e2a6e7052823c291",["0x0004f120dde50e94416dde0d3610a723afa86927","0x0056fba2a9bf8343b52cd124313073c63d338379","0x003c1fe6e9994e5a88d214b5c5ef6bf5df2e245d"],2,1000000000000000000
"0xaac6ba6cb7d29722bedd1ee06bfccd30fa3c7581",["0x002f08bfa1d470b43e49eb64da8c7f47c81f365f"],1,1000000000000000000
"0xab87948fd3972781506ed52b83c500a4c743daf2",["0x00be30742f12933a6f163a09d82200791843e687"],1,1000000000000000000
"0xab88b9bc99476dd4d7d8a1d8381066519359f243",["0x378ee9dc4ff8172066c8ed094bb89fde1b387d31"],1,1000000000000000000
"0xabe6ea1e6dc0add78742bcc07306cb79323d083c",["0xd146076bf3ac3fe60a28d4bf9a60eaf4fab8af00","0xc9d0964a14567cc9e5565ce363aeef8e1adb1380","0x61330459c0a6bb16f78dba570b1051c58c0c95b6"],2,1000000000000000
"0xac2cf4362b4d701a14db72598827c8840f88aeb1",["0x00661d2ff918cadd07f194eb6781f7f3af755c48"],1,1000000000000000000000
"0xac558414d058f42665d4eeb66a1934d3f82f5cfd",["0x00ff6d467bf9d0ce7b113c2c0d8e40eeef6f7a59"],1,1000000000000000000000
"0xae307e3871e5a321c0559fbf0233a38c937b826a",["0x008d4fa11e6d45d6fd8b1151bd1c556d05afd7e3","0x9ed07b5db7dad3c9a0baa3e320e68ce779063249","0x4a8441212108cf6bafcf31e8f43fbcaca50d0943","0x0fe0ecfd53525fde9153e4c3acf66403b392a832","0x984be5b537464be838ffa1cc558764f6b77ddbcc"],3,0
"0xae50462e7ed5b22f31b1ed3a5ef3fb9220277ef7",["0x00b462a47643b21cc8b0b6d985deed660508cda8"],1,1000000000000000000
"0xae824ca7fbe8e9eba1ea3ee046148c49851157b2",["0x89bb5a1880608fe606f6d2c3dc30c3624f3429fc","0xe730b30256bd9d3f5cbfdaad0f584307876acd25"],2,0
"0xafe166952fbdd3d9ade67ca73cb8045339ca5183",["0x00661d2ff918cadd07f194eb6781f7f3af755c48"],1,1000000000000000000000
"0xb057e153bc1d616dfa756c48037870d817b563b6",["0x00847daa89786e1f6bf2d2d1db4152878e83e2bd"],1,1000000000000000000
"0xb0c79c5e6cf2dc806884a076cb47c577fba22eb9",["0x0038fa807221386c9380cdd342deeaac6b1cc798","0xb0c79c5e6cf2dc806884a076cb47c577fba22eb9"],1,1000000000000000000000
"0xb12100ad65600ece950a8485e6304211c0a38493",["0x00e46d71a45b1030384ad03ae9d95d3c017ac3f1"],1,1000000000000000000
"0xb14613bb377a5b9ca206131642b7c2cc723cc918",["0x00a7ae45065561a234831473a656b360a5ca72a8","0x0055cfe40a739aabd559b3d592842dc7cbbcd650"],2,0
"0xb19bf165dd18009e74cd45c9b42fbd81ff985de9",["0x00854926c7d85667b0522569521cd7275b22e9e8"],1,1000000000000000000
"0xb1acfe19d3277c9b6e29472dbbfa0fa96f81597d",["0xdb1fc589cf6f2266c0cf9114aec3900e1bed1d21","0x3013d62a7357021259c3ee463ec9fbc64de7ba76","0xd8466f783c1f14617ee3e0b68d40892f625c7d78"],2,0
"0xb302c55f7e4a8320640d212537d5d81256bc4a44",["0x00e46d71a45b1030384ad03ae9d95d3c017ac3f1"],1,10000000000000000000
"0xb32db51ba30c80a21a775635c1b6d6a01754fd06",["0x0029d396902d034b3afe2a1d81d7cb9706d7d694","0x00498cfa51bd36843ff391a37092aef6e661674e","0x993cc51582d2717b832f82febaad5468627351c8"],2,5000000000000000000
"0xb3740cefcc201d5cf1fa59143976332563314d82",["0x00b260bb482c0e1ac096971c0a36af105dd356aa","0x00b878c78ecefd696f3b28256ace183a90a704fa","0x00f0a28be5d0f2b2c902188fd0b9e0190d43c547"],2,0
"0xb3820ad39d0e422ac1fe5001dea63ab37a041b30",["0x00661d2ff918cadd07f194eb6781f7f3af755c48"],1,1000000000000000000000
"0xb3c88128cea967c39ca1714957679d086cbff92c",["0x00c7667d5095f3e0d7ad84167f75007237167d29","0x00ea37f9183a55702a61ebdb59e4a92a3b747398"],1,100000000000000000000
"0xb4e5a62012f729e9f167ce6a0446edce7f441de4",["0x001355df41b0955d04123e37425256dbbacf0132","0x5d9b1263fba7ae4e9eca978e95c94361df3872f8","0x874e6b766fae6d9a07a0aaa4db94613113646d14","0x001355df41b0955d04123e37425256dbbacf0132","0x00155d5711fa4ffa6c2e7f1c6d46dc071981fa61"],3,1000000000000000000
"0xb4e63046001074b223872137174eec63a7e12cf5",["0xae5d619439631b8f686eef51cba1b9833cd06887","0xc1449d1e45d675f2b2969571bc2166ed2bd6f718","0x1bc49223b4fbdfb6060276063d18d557ab8af14e","0xb43750bcfc90633880469133b522bed3245affd2"],3,10000000000000000000
"0xb4ff3fae88e93587321aa409b96467c4f11cd539",["0xe13540ecee11b212e8b775dc8e71f374aae9b3f8","0xae6ff9cff40d7cc8381d39bbd6a4e39c87f6483f","0x002759b2de8bc7442b2d1feb5dc58ea962150a1a"],2,1000000000000000000
"0xb52284ffe2560aae7b4b61a4fd079d9ca8a8aeac",["0x00661d2ff918cadd07f194eb6781f7f3af755c48"],1,1000000000000000000000
"0xb52736b178bf12f133b0bbd108650b3b4121ef5c",["0x0088db9e97689c85a29e67d08f1f0e43bc40ae4d","0x07cf6c3f0844b690d915838358b28b2e54763a18","0x009fdb0920dcd80646a47cb5155f5b3c7f5a1ce3"],2,50000000000000000000
"0xb55b05e604b42d29a2e429552bc964986db9244c",["0x00b3cf18203e0cedc92712f5eb73e51bdf703e51"],1,1000000000000000000
"0xb5813c9a3f1a226ed7b4390f0873d1e53ad24ed7",["0x00419fc15e0d15bf6e3d50102d516cd1abfc8f06"],1,1000000000000000000
"0xb5aab677c00bd468ac94163bf1bf100549e49304",["0x5fdea078c4a6cf33302f5dddcb91de677bae972a","0x72ec02119eff951e2e24905038bc3976cc29efcb","0xc0c232d1240dd901e45816fc4c213d3ed90ebb82"],2,1000000000000000000
"0xb629f1b3f37ec06abfbd89b1a3403dddbf2bf863",["0x00a28092095543a0f4f4bffa878ff152834984be","0xd73ca8440adfbe05c56c0da0820174e1e73eb9f3","0x3730f5aacc86e2a979b384072ed9562bef81072f","0x8017ff21bc4972d84a4dfff2141517daefd0c256"],3,200000000000000000
"0xb68dd3322631244b553fea98040399a4258cf04d",["0xa4e3e53e89e575b32249e6105da159a4f48d34de","0xe2c7763a1d22566e12f42635a2cbfa28135a3009"],2,1000000000000000000
"0xb6a86c3ccb3f062e3208071cda361f7f47a6ed8e",["0x5b85425528d4980f76e4e4ff182b7f68706ad3ff"],1,10000000000000000000
"0xb740abc53d142690d7bfabe841102b41ffe25fb3",["0x00186df619e0caca328143f2bf45dc8dffe13ab6"],1,1000000000000000000
"0xb760caf6272fead30bea2143c71d36ea85a64298",["0x00fcad795d8a753c9064126b78cf0330436da09b"],1,10000000000000000000000
"0xb76250b38d57055c96fcd75abccb27ee8b931e77",["0x00e03753e660114af47d384e176a98e27d42e39c"],1,1000000000000000000
"0xb7aa741108ae27e02401fef2101114e5b8bb0ad9",["0x0019b634253ac43ede8f92b4ffa6815d0188cc21"],1,1000000000000000000
"0xb87c0ed78caf43ce2843ae1ac3edb7d499673a33",["0x007baf2b6a34872563a6f14ea545054c09654950"],1,100
"0xb94f3a5ca67be4b33c73c16e84d7cd82277d772c",["0x00252cc27e0754062234e7fab4f00c8a49fe55e6"],1,10000000000000000000
"0xb9c85a96be9f7e575f8bcf49506d3d5577b5d49e",["0x00847daa89786e1f6bf2d2d1db4152878e83e2bd"],1,1000000000000000000
"0xba14f6af1371a082c6308b6ae8116c834353746e",["0x00b64b216ead6387ef322284cb9eed5c0b5c58cc","0x72352a8e531cecde8aa86220ba817e63efe6e51f"],2,100000000000000000000000
"0xba3dfb3e317e5e73b6ef7f6093fea825cc632c6a",["0x006ede48379bdcb1383f9b3d7035203ff36d0fd9"],1,1000000000000000000
"0xbbfdf18cf2413fed31293840aa1a1ee7bdfbb170",["0x0048f59c65fe9ad3e14174811d797d52f7543388","0x00d3f313ea642eb176dc13a14bec21eb8df75158","0x98ff54457cb3eaa4d94bf4161e0abb21a837c6ce"],2,1000000000000000000
"0xbc0b668a81c4410d2c345eb3e6cd168a207e1b97",["0x00661d2ff918cadd07f194eb6781f7f3af755c48"],1,1000000000000000000000
"0xbcb2797f9a74d9099d6077c743feb3bc812eb2a4",["0x008cc2d5b6225b59d71d4a2f7ffdcf1f5c6bd11e"],1,1000000000000000000
"0xbec591de75b8699a3ba52f073428822d0bfc0d7e",["0x006bb8a2227b752180d8bd03556ecb186301fa05","0x00fa8dd063bb44daa425f0c2ec717447d34ac7e1","0x00d997c7bf22b20fa1804254e84bc3191cb8c722","0x00dc39fa295e17c7a1352a7e2e241059cebcf1e5","0x008992fd71f064604f219981a298872887e6560e"],3,1000000000000000000
"0xbee7f444eb06a1703499bce3eb6db0427cb6070d",["0x00847daa89786e1f6bf2d2d1db4152878e83e2bd"],1,1000000000000000000
"0xbf764eb314daad130dbad1f75aec54990f21c29b",["0x00bb2ce475b1c38d3c5cc8fe855229d4f1792383","0x003115733ae7c8cdc1e90a1327c273743e503a3a"],2,1000000000000000000
"0xbf8d6bc02bdf4828a1adb7951ec1409fb8ec582c",["0x000960e3c7316fd3edab3c532e3cc3b6b95543cb"],1,1000000000000000000
"0xbfcda554d44cfe6b953b98c4729ddab09b2989cd",["0x00cedd46fda926376fc28464b3fb58439c9e2e44"],1,1000000000000000000
"0xc02b2a14f767badb6c88e5a62187494b79df5fc5",["0x008975d74af3001b7d279e642a746ae722561e11"],1,1000000000000000000
"0xc05e74750f05e8719e56366f62328ce12052da49",["0x000798f129e2bd0eef4efe4df51538401ba9e1da"],1,1000000000000000000
"0xc06a8a5c712e9fc2bacc67ffc066efa0172c17a5",["0x00b4301beed232e077e1d12956607664bf607455"],1,1000000000000000000
"0xc0968d7e104a06357c69e04e260a483b30c29a05",["0x00661d2ff918cadd07f194eb6781f7f3af755c48"],1,1000000000000000000000
"0xc0ffee60fc383278fc94885d7f7584977bfa00aa",["0x57f473d5d6d530d333c6527795713521559cb293","0xc0ffeed87743c922d6bf53be816d6568eccd9f3f"],2,0
"0xc1711a9f824c8e54cad7ba0842afa9e4a209a711",["0x00a850252311c5a7b922ca19df428481506747be"],1,10000000000000000000000
"0xc1897d8dddf036491aefbdd4c3edf6b8595e75a4",["0x008d4fa11e6d45d6fd8b1151bd1c556d05afd7e3","0x9ed07b5db7dad3c9a0baa3e320e68ce779063249","0x4a8441212108cf6bafcf31e8f43fbcaca50d0943","0x0fe0ecfd53525fde9153e4c3acf66403b392a832","0x984be5b537464be838ffa1cc558764f6b77ddbcc"],3,100000000000000000000
"0xc1f67ff7482bd4ba2aeadcd523b9ba57bf08ea07",["0x00661d2ff918cadd07f194eb6781f7f3af755c48"],1,1000000000000000000000
"0xc23f09446ea7cb24bf916801e38492e5318b2b71",["0x000328ba5de08e04db57a31d5357a4fdaca4f913"],1,1000000000000000000
"0xc2424f85a3cca6e9419d70f23a6146f505bd0143",["0x0045dfa912217159a865c201ae7f45323f544834"],1,1000000000000000000
"0xc2b6679c79c474cce92699262defeb4d996b4246",["0xe13540ecee11b212e8b775dc8e71f374aae9b3f8","0xae6ff9cff40d7cc8381d39bbd6a4e39c87f6483f","0x002759b2de8bc7442b2d1feb5dc58ea962150a1a"],2,1000000000000000000
"0xc319eb3e7e54c22c2d0d62f1512527469931607b",["0x002fa296a86ca833d7e97c8fa6d468b5bf803250"],1,1000000000000000000
"0xc329224cea39e92509e3bb9c62b2fd2556c41f87",["0x6ea8198b447d8e09f96416593fdd9faef88558af"],1,1000000000000000000
"0xc3836aee8938c790b5bbfc7e8bb82815e6bafcdc",["0x008738632869011ee7434dd57d45a6e1c6d4bbb9"],1,1000000000000000000
"0xc3bcd786b53ccbf2bfc3a350d09e2dd4a6e6959f",["0x12d223563007fd5c93d52eee5b3b18c685d67f2a","0x3ff047e5e803e20f5ef55ea1029adb89618047db"],2,0
"0xc3be97b341b84c00aa1b7fbed64c37da6314e20b",["0xdced218e413a6bb82fd8b9786188195581b42ee2"],1,1000000000000000000
"0xc4623b433a77b870ef7a995c1443fe2e0657992b",["0x0023640ed445fcaf549770bfd0c33962d14521b1"],1,1000000000000000000
"0xc4673da886f7e3e9ca24487f6b085e118d9dff02",["0xe13540ecee11b212e8b775dc8e71f374aae9b3f8","0xae6ff9cff40d7cc8381d39bbd6a4e39c87f6483f","0x002759b2de8bc7442b2d1feb5dc58ea962150a1a"],2,1000000000000000000
"0xc4724c8546c9c4e26d08182f803e0b51a061357e",["0x00c7472697a2577d25c7dca41b97c0ee60e6b46c","0x0091524b055c1b36360fabf5695ec56322251935","0x003d503df3209897cbbaddeb92b4df0782537090"],3,10000000000000000
"0xc511c9934e9e314da30dffa170d6eb33947ec4bc",["0x0070a44cb3d24803a6b42e1fcbdf472e403aa53d"],1,1000000000000000000
"0xc5307f3b7f3078b09fe263feb6be98d0c68ee489",["0x76578e5a5af33190ed61479266bdb21e8935ae73"],1,1000000000000000000
"0xc60a27a3c981c0cbd1a8f620c1a1720b41cbbc03",["0x0003032c33e6a3133dca0ed5f50580143dc35c31"],1,1000000000000000000
"0xc64d95986dbf4da6ca69ca2e1c1c573942449f3a",["0x00d4beacbab76762184bf7c04252e0825a29b8d0"],1,10000000000000000000000
"0xc6628bc3d0d5f474a40afcd407c193fd671b1cfb",["0x0062534bb2347a0f0dab71a64bd58ddf3eb52121"],1,100000000000000000000000
"0xc6c19cea659142f046289e97a5351808541ad904",["0x0034233b96ccadb8016e81fd75a05c5f5fb04ad0"],1,500000000000000000000
"0xc6c554d741c0eac1f70deaec54943f62ac25946a",["0x0074fde1e1f34029e6605fbfb5211511d3365507"],1,1000000000000000000
"0xc78fab6904ced168b894d205d209e95708fa4809",["0x00b7cd7f3835942c4ce33c77b85150a812769050"],1,10000000000000000000
"0xc7a13c9ceba109499c2c00af977591b55a03e6af",["0xfbfa258b9028c7d4fc52ce28031469214d10daeb","0x7c31560552170ce96c4a7b018e93cddc19dc61b6","0x44fcfabfbe32024a01b778c025d70498382cced0"],2,0
"0xc7d3ac5ccaa44f3f0652613ab79adca97090e780",["0x00e18a56bfa1f8f1676ee23c8fe7c7598e57567a","0x00b788dbea7351d99dc6badecb96a818bde8c38f","0xe347f09c9aa28650c30c88641fa0729782ae9b10"],2,1000000000000000000
"0xc7d3f0c133be2e5d5223c874ebea04aed9c7bf03",["0x0032ff539a1a1bc2221748d5798048a23d56ae75"],1,1000000000000000000
"0xc8330a4c8c1ec7304ef887c48f1d715f6838ac34",["0x006934471db9d6b366cbc1c0337884ffdd73caf3"],1,1000000000000000000
"0xc8987f22eadef2b68c59938d9a6dfb1fc0c4e0b6",["0x00f983a6f96dcb0a4c15a3aafc067f8261789c29","0x0057bc2802e1e1f4dde5ba296b3f0edf8d2e17f8"],2,1000000000000000000
"0xc8b09b60c5457cdb373a79be3201917985a7b8ae",["0x0062e0c51257f85c605b4762733d23f44a9fe50c"],1,1000000000000000000
"0xc92cbb01fb1fcaa2c97bc4fa02a355c9bb1d2a81",["0x00e46d71a45b1030384ad03ae9d95d3c017ac3f1"],1,1000000000000000000
"0xc965c6ef32ccc278181cbc68573fa0a5f1997b17",["0xd146076bf3ac3fe60a28d4bf9a60eaf4fab8af00","0xc9d0964a14567cc9e5565ce363aeef8e1adb1380","0x61330459c0a6bb16f78dba570b1051c58c0c95b6","0x41e83a624abeeb3f87d0e2ffdb173e8f554d67a3","0x6a305598950e738e0b7ed15be413a5b2669c848e"],3,1000000000000000
"0xca940e00c64fa7c273b529608c83bd5aaf1cfeff",["0x00f7d5c1435b927d305a45ed2522076671ded22e","0x00baa5e806b65e4e55e3de1509680eb71edcba72","0x00de93dd4d5f9028bb6c0524d059713ad014d74c","0x00c16b1da0ba81b1ba891316babb891b854f0527"],3,10000000000000
"0xcb196f14ca2dfd8a0bbe9334297d531f4c4b7ba4",["0x00661d2ff918cadd07f194eb6781f7f3af755c48"],1,1000000000000000000000
"0xcb5243f251c3757b0d403e9855457c872d148b4a",["0x0871fdbe81442972c6c21569945452ecce6a318b","0xc86f577648983e3069dbb2af4e7975f2bc74f25a"],2,5000000000000000000
"0xcc98745f40c668ccf6bd97a6fd954551bcc1e650",["0x00320e0ea7612530bf7289544833d69ee2c2eebb","0xddb0ce3f629bbc4842ae92716412d6b259cbbe9f"],2,100000000000000000
"0xccfa829f12bd1b7618702ace114a0e464f311f6e",["0x00b159a054b4b6871ecb6c3a5ca080837953e5a4","0xccfa829f12bd1b7618702ace114a0e464f311f6e"],1,3000000000000000000
"0xcd48b208de2cb871be5143d3cf29ff879d02dd1b",["0x00a2781449d85b8bcced8cedd15e4be18476d310","0x4b4b914a90cb8aace20b6bf27ac4a4425757936b"],1,100000000000000000000
"0xcd98d845e445feffdb5e2940af3062e37bcb2ad2",["0x00f2aea3c3dfa84020f01ea58197d16d53e00e1a"],1,1000000000000000000
"0xce9f93eb7f78fcb7e7d222c81f258535dc218d4b",["0x00e0689e16232945f97c27bde102a054e2108670","0x00c1aa575114fbcbf50601059fbe57abd966841a","0x00b3a10c9f17d1e43e05f78b2cb6e1339437cf88"],2,0
"0xcf113c0b3dc0b8159174ea2e950a9792e925bca8",["0xfa486f95096ecef02f15f2ce7083e0d50f05b1c8","0x56c3ef4a26b499e3bcfc1889868ba668df81d1d9","0x15ad6a09e0e65180705237affd8ae51c813ee187"],3,1000000000000000000
"0xcf6fd94d077a08f4e800ad01ba4faa01d9c27779",["0x80958bcf4b0e46fdd6be2765598e866553ce772e","0x26e9632e19fe3a9696d641107cb285606cbb2d75"],2,0
"0xd0f706bf4738732145344dc407d36b88859c3349",["0x00073103c819211ef56d0a8ba7f71c11a84aa55f","0xe13540ecee11b212e8b775dc8e71f374aae9b3f8","0x3af5f67d0762b55eddaed71a5045d3f316ee8b37"],2,0
"0xd12b693156f6bc4c33d73e60424a544bcbe17556",["0x00e8556eb51d1e85d3af28720878e29cdf3450ad"],1,999000000000000000000
"0xd1f4b2bb61b2dec72d5222a6beb062a9575d6804",["0x00320e0ea7612530bf7289544833d69ee2c2eebb","0x002d35b13a49a7563339e7e412d34ce4c5122640","0x007cfeeab9e60c87c6814383268153d56411ad3c","0x0029590bbff2177ce7f613c419e08ef84fcf8368"],3,1000000000000000000
"0xd202018c812b3aab4f76b8581ddb8c5d9f75b2e0",["0x00661d2ff918cadd07f194eb6781f7f3af755c48"],1,1000000000000000000000
"0xd2a8e16af2bb255de1b9d0c3cd3ef798b6e94a5c",["0xe13540ecee11b212e8b775dc8e71f374aae9b3f8","0xae6ff9cff40d7cc8381d39bbd6a4e39c87f6483f","0x002759b2de8bc7442b2d1feb5dc58ea962150a1a"],2,1000000000000000000
"0xd3a15d933bc568ce20e93c617822e2ffb77411ea",["0x00661d2ff918cadd07f194eb6781f7f3af755c48"],1,1000000000000000000000
"0xd42fb59059369cc6af6052a4bfd55884c975533b",["0x89bb5a1880608fe606f6d2c3dc30c3624f3429fc","0x3ac6cb2ccfd8c8aae3ba31d7ed44c20d241b16a4"],2,0
"0xd4a32c1c1578474f1040bddf652dc2d2219e911d",["0x00fdc17182ddc255895aa7bbf24c6bae450059e3"],1,10000000000000000000
"0xd4d2a4b571109ad1397e953ab87d6e5feed031b2",["0x00f44a914c11ef5029140f9924d3bb05cf8981b3","0x00126ca168a5d9703ac226e9ad62c27674ee8442"],2,1000000000000000000
"0xd52d57ff144a1b4a5ba49f017a04a9290a73812b",["0x00a2781449d85b8bcced8cedd15e4be18476d310"],1,10000000000000000000
"0xd5d89ee27c3417bb59138eb14c5883b704cc3e67",["0x007baf2b6a34872563a6f14ea545054c09654950"],1,50000000000000000000
"0xd6f832f3c093beb4b45c1a7fe38eaec1de012927",["0x00a72109d88f32218056f04e8a9e425cd1211884"],1,100000000000000000000
"0xd707e69e6644c2d9709a21acd7b8fbfe5a6de1f6",["0xe13540ecee11b212e8b775dc8e71f374aae9b3f8","0xae6ff9cff40d7cc8381d39bbd6a4e39c87f6483f","0x002759b2de8bc7442b2d1feb5dc58ea962150a1a"],2,1000000000000000000
"0xd716558a8decc07958ae1135fde3ab52c810e4ee",["0x30a851fdd0cbe6db0a95b9d7483aeb7774e94f95","0x00a20a450a79a1f8b7e19858dd55712b47542ff6"],2,0
"0xd73982a5760f9e54b66506fb5b004cb7e93886a7",["0x89bb5a1880608fe606f6d2c3dc30c3624f3429fc","0xe730b30256bd9d3f5cbfdaad0f584307876acd25"],2,0
"0xd74401db32ddd23127e7823887c5ca4d81631793",["0x001ffd2e576f1899d66ea4b2fc9876c7a9fd0851","0x0069fc6947ad93db88cf0947ee039e0b7d1160f9"],2,10000000000000000000
"0xd7c33aaff9e1fe4e970aee0bcf999a0f9c528b75",["0xd9400d7f6790c7c20a441f2e7e2876e4b0f0252c","0xf214dde57f32f3f34492ba3148641693058d4a9e","0xc8a1dab586dee8a30cb88c87b8a3614e0a391fc5"],2,0
"0xd7e7de032e4682cb150e8fe8c8dcbdc99b4c1fff",["0x0048553d4f9e2636b24221bb6a6d01ea978458da"],1,1000000000000000000
"0xd8c1cd276d783e51e92291cca028d198d2e70f2a",["0x000a5b94107886c1b34bfa23d7910d14e6621227"],1,1000000000000000000
"0xd8d00f087432ee962d297c7619471f6f82c3b915",["0x00661d2ff918cadd07f194eb6781f7f3af755c48"],1,1000000000000000000000
"0xd912a9d8bd2390648f29e8f6734d860771efcd19",["0x00082f290153a5174ba964f29372432aec18f7d3"],1,10000000000000000000
"0xd91e79c081d8b21f765875c86dd84d39338261b0",["0x0003b3bf878cbfaf1d3c763177bd9e4816e63e93"],2,1000000000000000000
"0xd93719574b0bc5f691f5da8cae9599cec1f202c7",["0x0019b634253ac43ede8f92b4ffa6815d0188cc21"],1,10000000000000000000
"0xd9abba66f18a5f67e799c9230ff586a53adb78e1",["0x00fcad795d8a753c9064126b78cf0330436da09b"],1,2000000000000000000
"0xd9b983018f07a102c431ca90d31886d93d2e20a2",["0x00e823eac75b86d1804499a82957f2079055b5cb"],1,1000000000000000000
"0xda277dc94f0008216f5af59d7ce0990218927ebc",["0x000b22f4ca70746295b464c9318293c2add28000"],1,1000000000000000000
"0xda9b77bd3a426a8d5485b955d7eb4f68540d1363",["0x0098c3affaf55ea749304e0bbf472d0ec5457cf6"],1,1000000000000000000
"0xdaf9347ca0ffbc04512fd8257d56b3a125d21a77",["0x0081396586bffd4abd1410c6d091b90a7a8c6729","0x66c6ffd29f22051197b4f1bd6d51916b6ad4ec94","0x9787f091a9d7bdf52ce5e531ca7b7750a4db49c8"],2,1000000000000000000
"0xdb2c56839381731015c6b077a48b37931472f3b9",["0x00049808dcce781c7fd603b9a2563c0932ef6d29"],1,1000000000000000000
"0xdb7e3b8291cf956f16c95ffbb725a0ba8544a217",["0x00b2de07724266336189967c701381fb84cb83f7"],1,10000000000000000000
"0xdc0ca849bbe85c6e43b1e7e7f9aafd65e59154e7",["0x005832dadd197cfb28126386d4a0ba54e2818b88"],1,1000000000000000000
"0xdc597b6fe4ba767e5af5cad650953aa7bff211ff",["0xe13540ecee11b212e8b775dc8e71f374aae9b3f8","0xae6ff9cff40d7cc8381d39bbd6a4e39c87f6483f","0x002759b2de8bc7442b2d1feb5dc58ea962150a1a"],2,1000000000000000000
"0xde027cf0de25ab09a1b7612cab455f29a8478dc9",["0x0047f26d90a99e5dc6d7c90defb343b09a1695a6"],1,9999999000000000000000000
"0xde7119dc74161341e2f8b4ed1b73c0ccea1a481f",["0x00e46d71a45b1030384ad03ae9d95d3c017ac3f1"],1,1000000000000000000
"0xdeb5af89cd95eb814be5c1690144d1f2d7143747",["0xbf807a810f645314caddbf130e4ebdf1a4fc9153"],1,5000000000000000000
"0xded679f2fd307e1c8bf8a5b20e3d4178369bb996",["0x00c91e0530cd233f91e50a2cda81ccf67321f58d"],1,1000000000000000000000000000
"0xdedf4048d36d340abdec6249b863ab86021d91bd",["0x0093de066c7305d22f0545f69297a9382621e95e"],1,1000000000000000000
"0xdf58f348ed7e6656d06a8b8d27ac9d99e5d64f87",["0x0043f9ef995b6576606165edd90ebce53414e68a"],1,1000000000000000000
"0xe036d56232a2646970aa70410fe23d649967f0b9",["0xe13540ecee11b212e8b775dc8e71f374aae9b3f8","0x002759b2de8bc7442b2d1feb5dc58ea962150a1a","0xae6ff9cff40d7cc8381d39bbd6a4e39c87f6483f"],2,1000000000000000000
"0xe17dda15b701364b1fb1146b9f063ea37316e80a",["0x002aec541a8c0fbc19d8ef5817f1f5ed0bce7625"],1,1000000000000000000
"0xe18b0c48a7d1e9dfa333157fa222c783f35044a7",["0x003dd74078c058144e5aa8fd7853b8fcff96a44c"],1,100000000000000000000000000
"0xe20ec1721fd0a897592d7630786a4a4c848e96a6",["0xe13540ecee11b212e8b775dc8e71f374aae9b3f8","0xae6ff9cff40d7cc8381d39bbd6a4e39c87f6483f","0x002759b2de8bc7442b2d1feb5dc58ea962150a1a"],2,1000000000000000000
"0xe326e3d9a272a56ad12068fb097ae2f0e6665013",["0x2d0223cc2f5b6743ce28212ee479645d8d6e2ef5"],2,100000000000000000000
"0xe37f73f567c142d84393b5e34d13300f2ec64b1f",["0x0057a770a72932739d1f15815c8aafe742b04165"],1,500000000000000000000
"0xe4454eb3caf272cd721760d71bf54a39ed389eb9",["0x002cf3ffd5e51d8ccc8909b8acc2ed28f8fb0164"],1,1000000000000000000
"0xe4bf5dd03746870ba7c3c8e6e2028d0027612ebb",["0x215eef7b2d0709a67ad8fc15cff7adce8b81aa61","0x00afa408df1b6df83041d0651d6a93a19b90b099"],1,1000000000000000000
"0xe50634f6cabc048e069ead7ddda94dcf51173841",["0x00be7b23aed36ac2bb3c8c32a92617763b9bf23e"],1,1000000000000000000
"0xe605c7d8810043ba3dfa7b08e892e2f9eec056ca",["0x0074bcef82c9bd01fa4ec3b4ea9bdf99068759b1"],1,100000000000000000000
"0xe847fb549244df7d1370fff369ed82e2b894d23f",["0x00565d7c83ca4000fa1cf76fd53037586382c086"],1,1000000000000000000
"0xe8ebb13902a7ab342163d2a241c1e4891798b56f",["0x007162d82c79a2f4f8dbffa480ab04699bd05b42"],1,1000000000000000000
"0xe9bc058c9764f5e9ff39db8b54e7a8a3957d729d",["0x009fc4e878fac5c847a11a6260e2bcb7772cdd84"],1,1000000000000000000000
"0xe9c0c06bf99ce31d58f72aea69008e5aedecc29f",["0x00c7472697a2577d25c7dca41b97c0ee60e6b46c"],1,1000000000000000000
"0xeb6fb7608d26d9c63ef18914d324b83eaf7a904d",["0x002478fd77c60ce0d5dd231b1f11c68c803b3e12"],1,1000000000000000000000
"0xeba90b310b464c20d409de6de7a75735bff63dad",["0x0035b29f2ae7d8cb89cf3245ca289cee6b71e671"],1,20000000000000000000
"0xec0dc7522ff8d3da35924bfaebeb5b8d79121d61",["0x8351a1c92e701c9feb9f31bced1cf9fce0105590","0x009ebfd6ca2b3a204acbc6542b0d8e52dcc4c8c4","0x0084921fdecbd271f752b9f9bb3e7cf9bfc69461","0x9e451f537b8cc0b63837b6f1283025db796db816","0xea52357c951f0b2c17b9a6ab555e5503d848013a","0x0003b3bf878cbfaf1d3c763177bd9e4816e63e93","0xd816362243f43eeb4d7638ba73a9cd7e5195c330"],4,0
"0xec3de59c77da42b652d83c6c038396e94de9f189",["0x00928296eee5ccffb707eafad04ab0844f12665d"],1,1000000000000000000
"0xec4604d5db119b12b0940c01e71738c132a53354",["0x0093de066c7305d22f0545f69297a9382621e95e"],1,1000000000000000000
"0xec7d7849ca11aab697a289425ffbe8b0b6de9eb3",["0x003448d17e25ae0b5eafd27cd2f00d377a6f547b"],2,1000000000000000000
"0xed1475eee0c969d4877bd05ffdd6bfdc84b821da",["0x1697c3c6b4359124c1b2a8fb85114c67b6491965","0xa794ec062a5224b0f2526d536eff59436230174d","0xb82c49f378499008562a56a5e93c9320a903332f"],2,10000000000000000000
"0xedb480c85c77e3ac3fcc11e8460fa46a77024fb4",["0x0e5a28725531d4c345f2e0a290fbf565f71ff30f"],3,10000000000000000000
"0xedbfe215a3c7f8fb95cc993c31a8dd445de27e96",["0x00d56c7e4ae239fbb90f81897ba1460d8cc8c429"],1,1000000000000000000
"0xedc116c3519b804b3ccae619728fba95556023a6",["0x000835dafa5695173ae67d54cdf2efc881b3d788"],1,1000000000000000000
"0xeecaa19b38c635de7a45e2e264b02853bb9a6d10",["0x00b851eda9a38498f477fc4c4c41ff92bbd4ec77"],1,10000000000000000000000
"0xefc0290283c59572fc03a6cc433831935477ada3",["0x001355df41b0955d04123e37425256dbbacf0132","0x874e6b766fae6d9a07a0aaa4db94613113646d14","0x5d9b1263fba7ae4e9eca978e95c94361df3872f8","0x00155d5711fa4ffa6c2e7f1c6d46dc071981fa61"],3,1000000000000000000000000
"0xeffef3e06f0f9c327c73081106ca8add36b1aa15",["0x00109cd99316682bbf0522d2afc2c9805c235cbf"],1,100000000000000000000
"0xf0374a28f7cd967a153e5e837279ba4ebf60412f",["0x0008631eea90043b262125c8de8d3191b1156c4e"],1,1000000000000000000000
"0xf199af8b17d81c41abe6220a1d7c9fe04d0d9d2c",["0x009b97ea40ae08f138192e012bb21f1ff41fa034","0x00b7facd8c94ef0fb4ed69b52a7799196ba9eabb","0x00cc20592559bf4ff5d15434833e009b38d2e863","0x00c79e4d5599e748252cc17eab1e1d94fc4f57bf"],3,5000000000000000000
"0xf1d99c208a1d8c7d3332df459a2068c18735d60d",["0x9d6ec0c00e0ea4d7192a88be2730a3431e261149"],1,1000000000000000000
"0xf2919796ac2b7d4c884bec05cebe92a4b6f1e701",["0x00661d2ff918cadd07f194eb6781f7f3af755c48"],1,1000000000000000000000
"0xf34fc048d524e3c52d4db26d52095bf67ab5cea1",["0x0031c0ff849802b93b8791a5846686126faa75bc"],1,20000000000000000000
"0xf39fc9bc6b3d39333c3663e89f887a7c6eeb84eb",["0x001844f3aa3ea6a8e7e4051e832d273bae4c37f3"],1,1000000000000000000000
"0xf3ee7953a11d5ffae24d12a2e8d2d77afb5a2730",["0x0088db9e97689c85a29e67d08f1f0e43bc40ae4d","0x75d27075d8d9aa87e54f05a07a52c5a117436cc7","0x0034f7473531239b1799bc7f14ff97d5303a5a93"],2,10000000000000000000
"0xf3f1d3a7a681349e859b6559270541f6ee2b465c",["0x00320e0ea7612530bf7289544833d69ee2c2eebb","0x002d35b13a49a7563339e7e412d34ce4c5122640","0x00a4b4d1df20e858eb997bfbe9482305c41908cd","0x0029590bbff2177ce7f613c419e08ef84fcf8368"],3,1000000000000000000
"0xf3f5d63fd032c16cdef380caa96e4ce46b673115",["0x09f15f93d851c5b029cc8425c86211eb90babb83"],1,1000000000000000000
"0xf44362d3a3b828c9b3e25e5b453446a1a95e89a7",["0x00e46d71a45b1030384ad03ae9d95d3c017ac3f1"],1,1000000000000000000
"0xf59fe4c9cfa9fb23a79e74a5396fad24b95c492b",["0x539ace4f2ee9d26b84850859d772d8d3f6e408dc"],1,1000000000000000000
"0xf6a4384aa41f74714a71e01b3f3faf75a6e879bc",["0x0361a2ce309ba0115f2a6cc1478624a0e345d7ef","0x49fa4cdc763790536fea72209e3bc45ab541776b","0x3e37b5b6c94bfa0219cf195ee0773f56d6c8359f"],2,100000000000000000000
"0xf6c329e9754eb9bbc20627d448a15c4de99ef557",["0x00d45de1d3f648f982167cdfd37474d46254a134"],1,1000000000000000000
"0xf6e5e2344a12e036d3a4fed39c931e3351cb8cee",["0x003c05bc9e8460965f693d6dadf11327f45d3fbd"],1,1000000000000000000
"0xf756d77e78a21e1aa0e5394a2c49374210c384ee",["0x004dc4698f8b4bf994bb6d3425922e6332c4f3cf"],1,10000000000000000000
"0xf82edcd70fbec5ad9a80afeb4c54c581af929bc7",["0x00077240d6e46443740183038426954c1828714b"],1,1000000000000000000
"0xf853c90891dd9eb7b0456ca6e78dc44d0b56c551",["0x005dfab8586a94dc56d91fe00fa3e7039bdb99bf"],1,1000000000000000000
"0xf968080a985152828441f6c9b916514e75b98651",["0x000a27cace3049316bd651fac49cba39057038c6"],1,1000000000000000000
"0xf9ee19fa632d737af5614f646c0ce10ec7694031",["0x00f3d74df747e2fc800a4e331c4d843a007c5a72"],1,1000000000000000000
"0xfae4f8b0972dcee4430097a16cfea1b2d87fbaf0",["0x005aaaece78f4228aca222de6525cd80135ee04a"],1,1000000000000000000
"0xfae8014dc8bd8806421dfa4c538a770b3d3541dd",["0xe13540ecee11b212e8b775dc8e71f374aae9b3f8","0x002759b2de8bc7442b2d1feb5dc58ea962150a1a","0xae6ff9cff40d7cc8381d39bbd6a4e39c87f6483f"],2,1000000000000000000
"0xfb6bfa339346ed9f02020234507d1ebbf9f1acda",["0x00708cd37883e990db2c5eb7399a26feaf8c0a58","0x00277870bafa6156667a859d1e0f203dcee5092d"],2,0
"0xfbbe877a949e8eb1db740ebb3ef020b20b9fbbfa",["0x00e823eac75b86d1804499a82957f2079055b5cb"],1,1000000000000000000
"0xfbee8fd47bd88ec4c045b3e0d10832a410dd9823",["0x006234e59ab6a3dd7838a522bdac1ef85c725342"],1,100000000000000000000
"0xfd2b11f7e1b58c7f9ccf5479aab8ed4bf7a7ee8b",["0x0024d5549bf5c3aca24f1ceaecf50f50c9d92bd7"],1,1000000000000000000000
"0xfe7e3ee7d3fcd8f3957aafb8348a38d229e4409a",["0x3c8253fbf4ac7fd8957e3d81a1f4968365353134","0xc08b7f7ce643507451b0a78087d8d9406621052e","0x39ed9c270dca8673b70aacef8d03bd1c72783b7b"],2,1000000000000000000
"0xffa9477927cf6a7cd2ccd4cb23ca2349520ef872",["0x009c509d412782c07e489df8702cb2333f3ca07a"],1,1000000000000000000
