1,0x00e97dc9df137a4065418fe6475f9465b63d9f59,0x9dc12d58ef839461cac2f404328e900b1f523fce
2,0x01dbb419d66be0d389fab88064493f1d698dc27a,0x46c3b268f55a24b672122acdd2492c39ae4d245c
3,0x01e5be25eb25a0b4ffb73d34a0b5b72b49dafa7a,0x3e7158f80ff83ac21c8af8adc1036886925f2282
4,0x039704a4ecf78b0e1eef8f181a7838a0c68876ca,0xb5c54b3491abd23716536991f21e8a869b9e9a3b
5,0x03a62c4b61e7118025b8c253b2e09cf74ca0f31a,0x5cffcad99b553e9c6923b653b27dfe01039987d7
6,0x062d1816ea36366a714c34b9b283f4d377dc0191,0x1aa68418341a78fd8a2bf1dc229b0b4a5789979a
7,0x06c1edc5d0fb879ab8b129dcff1f7b704782508b,0x99a4f0676592b005a0a276d2bf45f5c7e4fc5d40
8,0x0ca95b38cd1551a3db33f2b7ebeb40db84eba8f9,0x19a320acee0d17fb1154f415d4be7fdf6dd47752
9,0x0cc12572d4028e492a919fe82feeda53fe43782f,0x1b65f69f25bd27292d8726cef1129317ab950480
10,0x10df28c3ccf3300dd8ff924d9f15440f46d918f7,0xb707adc64ef02719b114e54aa745eaf9ad26ba47
11,0x111115111fd0953445d624ceaac28d0ad0c9e74f,0x6def4a685f690c6ba71a78083053a1627b832e21
12,0x111b3d565f5da36b1decdf19dfbb26dc6cd970c6,0xff614868a604e23497ad5e5a0a39cc95d2c145a7
13,0x1971066fa9419a03a07cca394204915818d6c140,0x4ebd8edf346c9a757deac47a8e6e5f62ca1b5ca7
14,0x1f4fe4426bb6936b1007bb0a30f2f46e7c1b64dd,0xdaacb48b5942fa5888bd35db4d4d7f4f89c78253
15,0x1f6cbb740f7eeb4806276376e7378dd1fa36fc11,0xc06b5cb23067c5778de9b29b204aab64eac8d004
16,0x20b014a0b669906781250cdcf9966d5c4ce1527a,0x3d752f24d91fda6faf696f001e454aac41b1cb70
17,0x21d32aa7d6f763a21276189046f45423dc37b14e,0x9f246048153065102b513892f29b2ec83b205f9e
18,0x223cc19bf2fcc7219e0518c89a735b99091a57e9,0x2a0da26e8c215c4053429df273bb8f53bcc80c45
19,0x2270be634ed8130a0402cd106de1f04ea35fa0a9,0xc8f3ade6708c25306cdb708aa3216c8694f6db9e
20,0x22dc62c96de482743b231f29326a3d18b2d73eb2,0x5f76ad3c787b84623379fe47823acdee2be91f0a
21,0x248743463983b3b0c667717bb8c30e5ac79199bb,0x0d3fac704a37ebc7c1204f323b7a529eb85f8dd5
22,0x248c9bae4fee646906821155ef1a538e7ca978ec,0xdb42f36eb5492763afab3351923b04690da172c1
23,0x2499e22e19b0af3c1ab82071db2a9c4fd7ed328d,0xa4209c4cd5ce1da6741ed8351f6d0dd889eda80e
24,0x25e4af0dd6f4f7127a82a5a82a53e1e6aace4835,0xff2d958237768ad89b11c32ae9705db84d4c4db7
25,0x260a28a165081f5cfe94454543514e76ae746410,0x41e1edec82e6dcac88ef9d8f93d92a198ee95aa2
26,0x26afa29ce626d9dcc331ad5e0fbd454ad6362c7c,0x9971c424c38e1986be65b35b9eabaa7613ddb10d
27,0x2993753c24323d9152e69f6589109f67b2921dac,0x6267fe138f7d56fc5d1a52cf3313428b51268b38
28,0x2aab51f6c6dac9c4484e22220bf97dfe1431950a,0x0725f5d97a9ac3de77148dbd108c2bc9fbcefa0a
29,0x2c6647d4c95b9e064ceb48727cb4f4918c16d824,0x108bc8d3babb5e632a5cf55408a561bd5ca87925
30,0x2ddf00ef072b0375fd4c6f0acfd4cbe0065f9a69,0x21e7f2c3a3432794f719bc1a31cb38bef57f57fa
31,0x3085335d03541c007fb7b15e9112ca1f364ad8bb,0x38a2ffd102071a03bd7ea7e654d6ab07582d4333
32,0x30b3c64d43e7a1e8965d934fa96a3bfb33eee0d2,0x128baa17134d26502ee57542c5be824b1bebeda7
33,0x32a5b17b23d70124c9910b177b131ce3281a930b,0x475d8cdcf26e4bb9301f467f1f806336a7310582
34,0x3cb96f3d6b66c55c2942ebe70826f7a15b044a8a,0xdcf9ef47e9a4d4072d7941f37470367b69db1744
35,0x3d52571f1ce8f035da1c1ed716f3055790274549,0xd8ae8421f2f324c0f33c5e5b8a75f358ddd8d103
36,0x3d578574e5f8e5db7936b95220e335dca7e8bbce,0xe66e52017562ff7d8908eaeee1e5197206fcda61
37,0x3fec3c6e014e28566000a1be3cfcb43327d4b743,0x5d212bcc0f81eea541982f975c67671dd5499e8d
38,0x4013f4f6ec28f84ea9071336466bf8916f179852,0xd60424c0c72bb1b86db83decc4ad713dc472d694
39,0x4022cc301cdfc1df7e1db82c7a0b4448ec1c4df8,0xaea9b2ec5a85fe27d78ee3e74617ef2c7d100b59
40,0x40f69798812a1b2498d788a69e7e8edbadb72aad,0x083057ae87c9a2d4b70c2ea8d20ea9c78846b38d
41,0x43c0d31adb89df0e6b02bf2bd9acb0696fe41e46,0xe32a6d688c44dfb761ae90fa86d5de559cee2097
42,0x475f51c7e51e383f70156cf1fa6c21ba0de0ce69,0x3862f74cccf79ee6dbdf04bb41c96712327e308b
43,0x496d9b487b78090d9ba0b15950da35bc213dd4bc,0x7dc62225c807659ad5f59dc361f0b4258674cd5c
44,0x4c7e21914b6a1c7183455134e24023e88ee90cd1,0xf53c37f0dfe64dfe6298bf2a2af29dafd7a48d03
45,0x4e2c8e58aefaf56b8eaa5d3a5c23cbfcf96c9aed,0x9f17cfab5a0bc5e5a08018d5aff66d8005e31b29
46,0x4e2d0c204554c7f9cb1e3b3ac1e83dd3b4fc9622,0x3602d0f27a8909fd526fd2e364e06fed641deae0
47,0x50073fbd5814cad94e60e85407dca3695d8d0439,0x42acb31ba1cf7c97e4ca248e37a67d7ef5d3e227
48,0x50126e8fcb9be29f83c6bbd913cc85b40eaf86fc,0xdc0ed6f86fd0cdfcdd3cb75e58c8ae1085829a6d
49,0x50532e594bc045b75df5e57187e2e24d4655c21e,0x3fe900c82be6393a0c6aba433386102eb455b038
50,0x51ac2051db10b0d05462ef1d7c3f7afd43ed8be7,0xf62721fc63a688a2a2837735d041a3fe4c7c0406
51,0x539077c6e8a7dbf9fd13c16925a9504e3c6e24b8,0xe9f3ee2bf4c84729c65bed5a48343e8d3b932ac1
52,0x54d920b15a6fc49f7c206df8924d5c192da4228e,0xaeadabe551088bcd90d555fe4e0a5d50c21b87b8
53,0x55f206ccea40fb17134258f11e732f358a10822a,0xca39f439bd3bbdb22ccf93a97d954f1e0ddb5b5a
54,0x5aff03be8357d53f4758db5894744f51d515e41f,0xa78d3766827d93e3809b0386e844e0bc993e50fd
55,0x5e341eec52820ec1c1841f20d9ea67973e8c4ee4,0x4d59f22b838dd45648794935dbed18bac02de416
56,0x5ed38634c678a8d5a95234b4b7b2ca07e5bb80a0,0x99e541729120739657b9223d75fdd566f8446fe7
57,0x5eef2747f49ce446f10036ddf48af6b27c3d61b7,0x0e326515dcbb5e6cca6c02d0cf589a70c2d098ac
58,0x6263c353994c14654f2b8d343dc8de2f0eecbea0,0x4d8cb017037c302ca0ee599ea493cf4d97442125
59,0x637cc72b210546e0af1590fd2c9153501f3d1bfd,0x5df97e9862595a596955f3740654f65dc7bd6657
60,0x651a3731f717a17777c9d8d6f152aa9284978ea3,0x2401238776a0563bb82e0ef47d65e6beacae8144
61,0x69ad38baa72a277cb83d1eccc6279552e0f25dc0,0x7e4f1362d8a207433f819168f6a285f58f069087
62,0x6a45c0ac25b9e6e4b07d9a37fca6de56766872aa,0x8eef4446cf145f48bbc18cfff7c99d8b4da2c796
63,0x6bbb55bde42bb38f0fe70f3579c762bd6904813c,0x1a048932bd2ac1115bf893065a20d3973641f9a9
64,0x6cb2bc8af04dc5da25dfa001be49d65872e32e79,0x589665865f43af11a77ba54ed71bed48d60bda00
65,0x6dbb825564e85925b0414fdbd41f764ec475c59b,0x29c0fb3dd5797d949b7bed9e64154bf18685706c
66,0x72a7197bbccbe6ee1e9c688645436ed06017768a,0x7d6f6bb145a2421bcec3809625578f571020f1dd
67,0x73f879679b0fd8b25196834fe3e7a9615ea1b608,0x6ad08602707e1c66dab27085cd214150b73c1b1e
68,0x74b16e67582e66f791ba45c65f70b84c54541e3b,0xf7f1e488684ba8a54be943138c44a4bbff51d0cd
69,0x75520dafacbe7669820f82709ca2feae9ec4f57d,0x3f555803cf708b4c0c66c9454c0c75555764dfb9
70,0x764a1c7bfd2a8dba90f41226c54e9bf88c706258,0xac07cecc17f059fd9abdcc9fa1f4d3da1ee6c7ee
71,0x76b51d3d4337b09757a412db0c57182329481a48,0xbeed7443f6a8a9ba9c67ec399894cd62da9a2b1e
72,0x779cdcb772d2afd7a74418637382d40b4a4330fb,0x4f74f04da4695f100f8dec1e642bd2c1de0eb10a
73,0x77cc39282a160a4a565f10e83c36fd0544965b6e,0x301c47ecea32b718701cff7295e424bea8a519db
74,0x7bf67bdbf58a3c7a6eab82788273960702fb4dc9,0xc7ddc9509db8d8b38f3b721487afb3cc2482222e
75,0x7cda7e8f32f2c37e4aae627a98ed130eb4a678f8,0x2ccc482903b51a81c4e6b8a06bbf2d1cd7d982db
76,0x7f8e70a2851942346eb08ac9b506f83ffbff1138,0xa3e3d4547cf0c1329919b8469a2b2474eae24ecf
77,0x80be1f02d789db2704be5a9f6b97ec8713ebc529,0x6a4774393e0270323acb27fe8cd12e54a64a7cca
78,0x8306f9bdec388231265e77225c4e28eb716f6b55,0xa728178a0791e8f789c138b368382476ec35d76d
79,0x851286854a2c56eb74a082fdad9d3cf87a218df9,0x2b99283b0a00594a2c03c5b9f89df3cd93183450
80,0x8a65df1c21800cb3860d7ffab517bcceea685fb0,0xdb7b026ac2d8e5faeb4dedfec9efc74b3e963df8
81,0x8ae1a1a78c326abc8c7de3e70a8a6bdf9328e0ba,0x95d46e57fced4b25193508c951ef926f97250433
82,0x8b7af85a82c081ba4ba556e925547325fae43b98,0xc20fe31851a908d7fa0f3588ebb6334c9c66ae0e
83,0x8bbaf6956e8e2aef3eb8f192f5eaf48b4bbbb126,0x04d2fcda4bcbbf11faa06c1e70e25c9aaf897d3e
84,0x8d2ee01dd9e947067fda69e3b62064556a92d1c8,0xc052b4e1a63a5395463df45f4d79e627e85cdae1
85,0x8e4b3eadf078a80a3308da16fce741c2c20305a1,0x17c79517cf89e3c56c23d9ebc96a642d275887b6
86,0x8edaaaf2f30edd0a561c219f475fff026cdac575,0x692038e1a1767f9a59b3a849ba7d59decef6b2d6
87,0x8ee1dfed72c8c401da3525033d471420a1da466b,0xda2d58f86f8c0d5a5fb75ef84678b262f17fd57f
88,0x8f4b3c36196a4c94c69debded3060424e339c2ea,0x15755c2886989f43fa5f5be1bf762b7fe98a930e
89,0x90f737392c48618242b28eaa8d4fdc4793af2676,0x6c0a02e690ebe38082a238d63060b9c364a67877
90,0x956ff844abd8f58add1160c62810ad34befc8bbd,0x58ab1449f5b5d490d77c854228e44869d048fa9f
91,0x9a89bcf8960cfa516de8521e62621fc39b3d3a04,0x582a43b5963984ae4fae2d2be357016bc30a4a77
92,0x9ce7318fc46cddfaf3089327b4d58d54784e541c,0xd0166963afccac732cf9c7affd47d24122de8f4c
93,0x9fc9e6fe3567cfe89cf8de12ac051955b8865308,0xe623e4cf4336a39768d05bdb53a2a1740e695e1f
94,0xa113f56092cefb9255c56813de43c6ca2d80681c,0xb43a36ed5ad86225c629e31b0c7faea02043cdf9
95,0xa3a22aed1d45342c96012c64104bb8b121eca07c,0xfd9dd5be2b9ee3805a344f3f10577dc7d18ae24a
96,0xa6ae6a5d2853262a3f591043ea63d4b06940ef0f,0x89b44e703f4f2e65a22815ba45d3d491b3b0e4a9
97,0xa73c7171cda453bb44000c80f6a9221718b16211,0x63ddae3a7f6cbbf9bd4037498b6b693d68252124
98,0xa7950e88d0c41c1396fcb84c2d50286194538b8f,0x8b27d3571a290e2c5c422fd30e3b68e36af224aa
99,0xa96b0d4cacc9714f69e42bfa49cd20858eb2fe24,0x1ec2875d30fd335b10f9513a920f8f537aa1602b
100,0xa9b1d13399687fcfab76c9a52ad59cd225134ec6,0xb28d12691257557be56d2a5ec4747becefcc32d0
101,0xaa693f51d92179c282c700b7e2a6e7052823c291,0x59ba7288308f0b8ed16e4d1de4aa5c5c9afa8ec3
102,0xaac6ba6cb7d29722bedd1ee06bfccd30fa3c7581,0xb671d7a012fa65a19256017165054b88fc0cf8d7
103,0xab88b9bc99476dd4d7d8a1d8381066519359f243,0xd43973840ebf2bdd5611a2b0aadc3f6f87a00af9
104,0xac558414d058f42665d4eeb66a1934d3f82f5cfd,0xbbc731dfa548a0a42e7540a898635f1d7eaeb75c
105,0xae307e3871e5a321c0559fbf0233a38c937b826a,0x7e80fde658b337286a6f14bb3a3348df1473ffb5
106,0xae50462e7ed5b22f31b1ed3a5ef3fb9220277ef7,0xbe9dbce420a9cc0558a3547b528d46b09b0175d7
107,0xb12100ad65600ece950a8485e6304211c0a38493,0xafa8e659f62250acee2569edfe3f32ff2febbf78
108,0xb1acfe19d3277c9b6e29472dbbfa0fa96f81597d,0x9dc5ba65b7eb02d51d8fe40809e5871e860a7701
109,0xb302c55f7e4a8320640d212537d5d81256bc4a44,0x319c29af7f2d1b08832449247b3f893e14a55485
110,0xb52284ffe2560aae7b4b61a4fd079d9ca8a8aeac,0xc83173e2fc3c00873a896adc242b51d2bf617705
111,0xb52736b178bf12f133b0bbd108650b3b4121ef5c,0x9b40f1e9f820b6359e000a4aff5aec094cde38d5
112,0xb68dd3322631244b553fea98040399a4258cf04d,0xbda696c7ca0f2de66d9ed8fc376cf97f6214c327
113,0xb6a86c3ccb3f062e3208071cda361f7f47a6ed8e,0xe7d46f27460869c89cc90468845177070ff04889
114,0xb7aa741108ae27e02401fef2101114e5b8bb0ad9,0x85c0719dbcf5c239908223e6e5e0dbdb98e94925
115,0xb94f3a5ca67be4b33c73c16e84d7cd82277d772c,0x1b353ccf2bd64a112b83c3d5ebda75c8c47005af
116,0xbcb2797f9a74d9099d6077c743feb3bc812eb2a4,0xc7e755120dad831e5bd0a1f28071958f461686a8
117,0xbec591de75b8699a3ba52f073428822d0bfc0d7e,0x33145a0eb19ba62f3f2c083c0cc6c0ba8da9f26d
118,0xbf764eb314daad130dbad1f75aec54990f21c29b,0xb634f305e733bac8f5abd512755b8079131d573d
119,0xc0968d7e104a06357c69e04e260a483b30c29a05,0xb4f6c5fad61363a3e8ae8e0deeec129f05067ea5
120,0xc4623b433a77b870ef7a995c1443fe2e0657992b,0x4aeba39301f7eb3609483c055c9219b8cffbb3db
121,0xc4724c8546c9c4e26d08182f803e0b51a061357e,0xe3aca81dd1653afcacae2428e661678e2f67465a
122,0xc511c9934e9e314da30dffa170d6eb33947ec4bc,0xf93150c3bc164af08fcff3d0715a732c0d828b72
123,0xc6c554d741c0eac1f70deaec54943f62ac25946a,0x937886f4fed93e01966188b1c08b2193162d8320
124,0xc78fab6904ced168b894d205d209e95708fa4809,0x96deb62e00cd0635b973c54e39fc781f61b95ef3
125,0xc7a13c9ceba109499c2c00af977591b55a03e6af,0x1b02687439f663fa56636296c963c7fbbd37161c
126,0xc7d3ac5ccaa44f3f0652613ab79adca97090e780,0xe1a2ef72eec5e98ab101910d045d7ff4dbd0841b
127,0xc8987f22eadef2b68c59938d9a6dfb1fc0c4e0b6,0xfe3e1691ac179d6fac44f1ae83819b5af87d5a90
128,0xc965c6ef32ccc278181cbc68573fa0a5f1997b17,0xd6e4ce8bf28bcfd9657fbd1339a905abeabb0399
129,0xcc98745f40c668ccf6bd97a6fd954551bcc1e650,0x8e92ae36f3d117356826c5c34a787c5792e53f0a
130,0xccfa829f12bd1b7618702ace114a0e464f311f6e,0x99886487803f5e4c18dd919851b48c433e61ea52
131,0xce9f93eb7f78fcb7e7d222c81f258535dc218d4b,0x269d853342a395df1aecf593b2397d1c42d1c0f5
132,0xcf6fd94d077a08f4e800ad01ba4faa01d9c27779,0xe93772c79290667554e2b72d0e2f0d9f20fa05d7
133,0xd0f706bf4738732145344dc407d36b88859c3349,0x7b4c5359d813a54a396a40bf3ba0a52574d4d9ba
134,0xd12b693156f6bc4c33d73e60424a544bcbe17556,0xfd5c174e6127d4184b5adb4485a2d3db4cebb27d
135,0xd1f4b2bb61b2dec72d5222a6beb062a9575d6804,0x73a80c2a26c7dff8cfc517ede0687beb5f4c8c1c
136,0xd3a15d933bc568ce20e93c617822e2ffb77411ea,0x455e308c3b3dac49c91ac06b2526b8be1a88cddb
137,0xd4d2a4b571109ad1397e953ab87d6e5feed031b2,0x46cd78c0f5d31b477cc773ea91b4ccac3473b8f8
138,0xd707e69e6644c2d9709a21acd7b8fbfe5a6de1f6,0x50f19905d6aed51d0aa6f0a6799e70bcefafbe4e
139,0xd7c33aaff9e1fe4e970aee0bcf999a0f9c528b75,0xe4781bf82d6631d0a84f0351cf8a6aed6e422af9
140,0xd7e7de032e4682cb150e8fe8c8dcbdc99b4c1fff,0x0435e87d32748ecc5e388e47996301e71047fab7
141,0xd93719574b0bc5f691f5da8cae9599cec1f202c7,0x3807186142619f9302226c4e3a598e1d813e59ae
142,0xde7119dc74161341e2f8b4ed1b73c0ccea1a481f,0xa1c1b58040537536e48b34e2c4ad1062ebde6fb0
143,0xdeb5af89cd95eb814be5c1690144d1f2d7143747,0x718276d9cd8e7e20dff7522f3b546841d7514477
144,0xdf86984226814e2970ea94fedd9676276fedfacb,0x2eff1063066bfa1be83f8fdb63d8144d0fa009af
145,0xe18b0c48a7d1e9dfa333157fa222c783f35044a7,0x1f944249ae50816a1c9c02fbb3db3a6865e55b5d
146,0xe20ec1721fd0a897592d7630786a4a4c848e96a6,0xf1089aae73a571f7fb927f3bc53cfe6791b34350
147,0xe50634f6cabc048e069ead7ddda94dcf51173841,0xeb5b323f7989e7d7b0e2d8c6e36e72fbcc094857
148,0xe847fb549244df7d1370fff369ed82e2b894d23f,0x4b8b849088b9d2d1712fd2ee1311ab13228d30f9
149,0xe8ebb13902a7ab342163d2a241c1e4891798b56f,0x0241efebe9184c24ecc46d2429c5fa07aadaf5f7
150,0xeba90b310b464c20d409de6de7a75735bff63dad,0xff480aa862e39005eb478ed9069411b9d1bee32e
151,0xec0dc7522ff8d3da35924bfaebeb5b8d79121d61,0x5b08e512c66be3ef2aaef8d267bb1d4d4047a711
152,0xed1475eee0c969d4877bd05ffdd6bfdc84b821da,0x0bc96d391a52ea763c56c0dd84e0a06df095c7ce
153,0xefc0290283c59572fc03a6cc433831935477ada3,0xfaff3422fba0746ebf362b260becacb5a5bf3258
154,0xf2919796ac2b7d4c884bec05cebe92a4b6f1e701,0x6a66602f7ac24580cbe9aac5b8d9728b957da30d
155,0xf39fc9bc6b3d39333c3663e89f887a7c6eeb84eb,0x1170cf728693865685dd8c9085abcd9e08a2b8fa
156,0xf3ee7953a11d5ffae24d12a2e8d2d77afb5a2730,0x4be3d89cfc6eea1ac0e395001a08a0dcd3db4ec4
157,0xf6a4384aa41f74714a71e01b3f3faf75a6e879bc,0xade57428f9da2c14598c6ec67669647fe5ece743
158,0xf6e5e2344a12e036d3a4fed39c931e3351cb8cee,0x8bed31b07d7de1a63038ac9f02d0cfb772af8a3d
159,0xf9ee19fa632d737af5614f646c0ce10ec7694031,0x53689cf3aa395d73c7d70e26b5139b0a5b8912b2
160,0xfae8014dc8bd8806421dfa4c538a770b3d3541dd,0x715d6075f014fd79213d1429477f3bcb2b6257ba
161,0xfbbe877a949e8eb1db740ebb3ef020b20b9fbbfa,0xab514a9f0930147e72579b3fe1226504c42a8144
162,0xfd2b11f7e1b58c7f9ccf5479aab8ed4bf7a7ee8b,0x878be0cc63a98c1b683f34f0ee328e602794ef3f
163,0xfe7e3ee7d3fcd8f3957aafb8348a38d229e4409a,0xfa260f35827d9c9fc26d71bfdb8fcccd1e1c5b01
164,0xffa9477927cf6a7cd2ccd4cb23ca2349520ef872,0x951bcf5e58eb8a27d19536ea06274c68d17d9b35
