1,0x00e97dc9df137a4065418fe6475f9465b63d9f59,0x3eb5301410f3bbb84ddea7cf6fa56646d511d23d,["0x00661d2ff918cadd07f194eb6781f7f3af755c48"],1,1000000000000000000000
2,0x01dbb419d66be0d389fab88064493f1d698dc27a,0x6c56cdf301d5ba5ffb72757a1c2971c0067a0518,["0xe55b45668705e6de753787765173ea2c8cd09356","0x002759b2de8bc7442b2d1feb5dc58ea962150a1a","0x00fcf62d421198a3c9e8be67ac6778d119ea9d55"],2,1000000000000000000
3,0x01e5be25eb25a0b4ffb73d34a0b5b72b49dafa7a,0xf7a7d4dc4c4ecde878f1271e478f091761973b0e,["0x00d87e4d369067b37ded1b60d1ade2b4d309e43c","0x005ccf5b7b6b87105423a69bec02050f249020a6","0x00ecdba43c41ee80beb5e8248d7b5324cee607d9"],2,1000000000000000000
4,0x039704a4ecf78b0e1eef8f181a7838a0c68876ca,0x1bc1369fde6f8e25366b6ef7de07bb524c484d18,["0xe13540ecee11b212e8b775dc8e71f374aae9b3f8","0xae6ff9cff40d7cc8381d39bbd6a4e39c87f6483f","0x002759b2de8bc7442b2d1feb5dc58ea962150a1a"],2,1000000000000000000
5,0x03a62c4b61e7118025b8c253b2e09cf74ca0f31a,0x051b7d5a34e136c20d6b9017a9ee776b7d1c05e1,["0xe13540ecee11b212e8b775dc8e71f374aae9b3f8","0xae6ff9cff40d7cc8381d39bbd6a4e39c87f6483f","0x002759b2de8bc7442b2d1feb5dc58ea962150a1a"],2,1000000000000000000
6,0x062d1816ea36366a714c34b9b283f4d377dc0191,0x8153dd7bef14a1b80deabdd315fdbc93bb2ee75c,["0xc8a1dab586dee8a30cb88c87b8a3614e0a391fc5","0xf214dde57f32f3f34492ba3148641693058d4a9e","0x2be2f917397bacfb3c939f6db3bee80aa606ae31"],2,0
7,0x06c1edc5d0fb879ab8b129dcff1f7b704782508b,0xd1717eced44df64208faeadede75367c49a2b663,["0x00a45ad4d870d2b5ea165ffdad2a6c7df7c56c1b","0x0051d42f00673b1baa182633f63acbd5f950a8b2","0x00d0c3c7a172947d7e2879c71d8ecf9b536e221d","0x00c461fef1f175953b68e25c6d8f36060fa8fa7d","0xec7890b19457a1ebf8d9e6ee6830308926c91459"],3,100000000000000000000
8,0x0ca95b38cd1551a3db33f2b7ebeb40db84eba8f9,0xfa38bcd3690fb0756c7ef1636f0b5d5b78f5f02b,["0xe13540ecee11b212e8b775dc8e71f374aae9b3f8","0xae6ff9cff40d7cc8381d39bbd6a4e39c87f6483f","0x002759b2de8bc7442b2d1feb5dc58ea962150a1a"],2,1000000000000000000
9,0x0cc12572d4028e492a919fe82feeda53fe43782f,0x6710f7f96df1db248046fafbdc86370bf2f7e58b,["0xb3022b41174416789d05f53f03979a6e134a3848","0x008088e5b3a1121a53a9effa47a6b00ab338753f"],1,5000000000000000000
10,0x10df28c3ccf3300dd8ff924d9f15440f46d918f7,0xb1b1e29c6f9d8da6cb6e05b32c3779637c8de53a,["0x008d4fa11e6d45d6fd8b1151bd1c556d05afd7e3","0x9ed07b5db7dad3c9a0baa3e320e68ce779063249","0x4a8441212108cf6bafcf31e8f43fbcaca50d0943","0x0fe0ecfd53525fde9153e4c3acf66403b392a832","0x984be5b537464be838ffa1cc558764f6b77ddbcc"],1,1000000000000000000
11,0x111115111fd0953445d624ceaac28d0ad0c9e74f,0x050e787ee8f8d7d6229eb0d943e87abf08d2cab9,["0x03f10bf5fa8131a96f09c8e474d7077c5fddd074","0x0000e5fabe3a8dd992b73517de6415a2043dc7ca","0x0000004eef1841ddb31cc4d5232231448a42c1d2","0x0000003f5ba685d7b020310b44978646f364ba75"],2,500000000000000000
12,0x111b3d565f5da36b1decdf19dfbb26dc6cd970c6,0x50f8758449cc38d2073e6febb57275c40353cec9,["0xc0ffeece5397f30e18a8dd7a92644178675fbbbe","0x000000011186051f8df273cc03e1dbac7e699914","0x365cab320045e61302b788e922f55c07c03a5ba7","0xd0944aa185a1337061ae20dc9dd96c83b2ba4602"],4,1000000000000000000
13,0x1971066fa9419a03a07cca394204915818d6c140,0xdffae87255bc6c1427cd4f943eccb3597a19599e,["0xe3d87fe66e70f91356c698fc8ee0532f51a466bf","0x0249a9b58ba742cbd224c1eec6d8817d333ec55d","0x0a6344a2d5cb0707a918dd835e527d4e253da225"],2,0
14,0x1f4fe4426bb6936b1007bb0a30f2f46e7c1b64dd,0x4d177217464b7f81f17e5d859a36c484459e1a12,["0x0000dc41b901c875d151c2800bb4e5b026f5fa0b","0x00c1aa575114fbcbf50601059fbe57abd966841a","0x00b3a10c9f17d1e43e05f78b2cb6e1339437cf88"],2,0
15,0x1f6cbb740f7eeb4806276376e7378dd1fa36fc11,0x547b1517029dfaa95cfd69da837eec300afa5d86,["0x00a7ae45065561a234831473a656b360a5ca72a8","0x0094f9ff3559c21543de24f0db4b8abac713011a"],2,0
16,0x20b014a0b669906781250cdcf9966d5c4ce1527a,0xdb59187b52fc312f393b422c42f63aabe43d09c8,["0x8f493c12c4f5ff5fd510549e1e28ea3dd101e850","0x00e73102580dcbdb1df2d161a8d73ab3e4706285","0xd298bc3a7e089555ed6bbb227bdd05b8aad5830e","0x16b228154a4aea2869ac96364b4ebe410eae3360"],3,300000000000000000000
17,0x21d32aa7d6f763a21276189046f45423dc37b14e,0xea46a4c51567c66e5227c5f8fe4bd7c3ef0711c8,["0xe13540ecee11b212e8b775dc8e71f374aae9b3f8","0x002759b2de8bc7442b2d1feb5dc58ea962150a1a","0xae6ff9cff40d7cc8381d39bbd6a4e39c87f6483f"],2,1000000000000000000
18,0x223cc19bf2fcc7219e0518c89a735b99091a57e9,0xb07f3f58a946aea9be3834c55f2f0b7115e7dc81,["0x00d45de1d3f648f982167cdfd37474d46254a134"],1,1000000000000000000
19,0x2270be634ed8130a0402cd106de1f04ea35fa0a9,0xa8a2a4e996da871af9c66847e08e76a44bf47d77,["0x006fda7cd5eec123999635b9af6e6fff81ddbc9d"],1,10000000000000000000000000
20,0x22dc62c96de482743b231f29326a3d18b2d73eb2,0x0877eafd5b0fb9d7a51c19bde5726d6c5f6dbaf5,["0x00e3d5376448a18e897af3b1ae939094bc5bef7b"],1,3000000000000000000
21,0x248743463983b3b0c667717bb8c30e5ac79199bb,0x2e917666f12d1dc91a8c483d5c5aef945643e6de,["0xe13540ecee11b212e8b775dc8e71f374aae9b3f8","0xae6ff9cff40d7cc8381d39bbd6a4e39c87f6483f","0x002759b2de8bc7442b2d1feb5dc58ea962150a1a"],2,1000000000000000000
22,0x248c9bae4fee646906821155ef1a538e7ca978ec,0xc4a42389ba0f05649424c559c339d47eed02bec2,["0x00133f358c55671599e8ff2c9e85bfa5856d5a98"],1,1000000000000000000000
23,0x2499e22e19b0af3c1ab82071db2a9c4fd7ed328d,0xfcf2e8940fd6ccc1e8afe649b7b1777fb969ce1a,["0x00c8144899d944b4ef2a3f78f28e264699a3af10"],1,1000000000000000000
24,0x25e4af0dd6f4f7127a82a5a82a53e1e6aace4835,0xa87d6d2c0ee1476bc52ff4bd3052ff75fb8bdef6,["0x00a8a5f940c6a50b82297378de8e45d97c91c139","0x007668a0c0931ec759123fa527ecf932db9c95d1","0x0076314c491a3d0ccdd23b62e8a6ebcc5d9ceda2"],2,4000000000000000
25,0x260a28a165081f5cfe94454543514e76ae746410,0x1d956e76e742c6b074b387fb49125869abeca93a,["0x00c7667d5095f3e0d7ad84167f75007237167d29"],1,1000000000000000000
26,0x26afa29ce626d9dcc331ad5e0fbd454ad6362c7c,0x9093a42606f91fbd88a7ec4b7260aa991ea40a83,["0x00da2b55ad44c071f474440a96b95ea716d1a119","0x009ece511c7e67a0bd950aa2f2ad4a4cde81f48c","0x00f519f33a4c020ff879d502e88a5ec63d951128"],2,25000000000000000000
27,0x2993753c24323d9152e69f6589109f67b2921dac,0xea4a77fdc89c844b722a157ba9206b569f63cccc,["0x74bba277ead3e1f69a6ed5c7caee140adbf77563","0x9c7d3af3d671b933a184085519fc80c2e8c2290b","0x4fe921e8f2b80901649add7e7565f92c666cad35"],2,0
28,0x2aab51f6c6dac9c4484e22220bf97dfe1431950a,0x4598ee7fd952138b1348520b8553c638ed66beeb,["0x00d45de1d3f648f982167cdfd37474d46254a134"],1,1000000000000000000
29,0x2c6647d4c95b9e064ceb48727cb4f4918c16d824,0x41fcd4b4b90dce86be27ecb5cea073cfe1566ed6,["0x005ee33762b213afcea5d294b14f005b00624661","0x00cbf02656187dd24c981e406021f43fc8fa69f2"],2,0
30,0x2ddf00ef072b0375fd4c6f0acfd4cbe0065f9a69,0xd5d0d1ccd7b0749b8596064eb3d54c6c66985c51,["0x002482ca0fa7c623cac1c91e3f0f875f8380d0dc","0x002482ca0fa7c623cac1c91e3f0f875f8380d0dc","0xee81e6293b9f0dd6fcabe582b77079489a9d74b8","0x009ebfd6ca2b3a204acbc6542b0d8e52dcc4c8c4","0x0084921fdecbd271f752b9f9bb3e7cf9bfc69461","0xd9b4e8fc37540680fb618054692928d977c49061","0xca4cb8e4db10bb8ad5df575d5f793cd73e341935","0x9e451f537b8cc0b63837b6f1283025db796db816","0xea52357c951f0b2c17b9a6ab555e5503d848013a"],4,50000000000000000
31,0x3085335d03541c007fb7b15e9112ca1f364ad8bb,0x5062b35daa3d7aabda2c6025f9576ab35e48551d,["0x007b5ad44fc7cd99a445c8c209a070604f45df50"],1,1000000000000000000
32,0x30b3c64d43e7a1e8965d934fa96a3bfb33eee0d2,0xa52aecac14a542675591a98f10361b57b3c3c182,["0xd54e6fdcb787bef88e03aadaa7c6c197bda732ad","0xc44ca6ec87a229f61f9c8d4feba81dcf51a666dd","0x1697c3c6b4359124c1b2a8fb85114c67b6491965"],2,1000000000000000
33,0x32a5b17b23d70124c9910b177b131ce3281a930b,0x49e3af4886690a3291fed37ad1d04cbab5bc8d6c,["0x033b9de6ee16acd885276e76386718eb29a276c0","0x78caac617c2c14856457c6983344ef73674c57c8"],2,100000000000000000000
34,0x3cb96f3d6b66c55c2942ebe70826f7a15b044a8a,0x6e930903ffe7e471959f455912b2998736d21171,["0x5fdea078c4a6cf33302f5dddcb91de677bae972a","0x6e39646edd82d80ed5a9758bb8d53f69f5b91511","0x72ec02119eff951e2e24905038bc3976cc29efcb","0xc0c232d1240dd901e45816fc4c213d3ed90ebb82"],2,1000000000000000000
35,0x3d52571f1ce8f035da1c1ed716f3055790274549,0x7a95c924a48712466fdd036525562802f9733430,["0x00e3399e77c7aefcc187d17eb90cbd1833d9681d"],1,1000000000000000000
36,0x3d578574e5f8e5db7936b95220e335dca7e8bbce,0xedbe52a73ad80140de156660dfb3e43062569cd7,["0x003b5203f20b729932ee3a1ce2963456989700a3","0x0052d3c5932c9491ac5974282bf8052c99cdc81b"],2,500000000000000000
37,0x3fec3c6e014e28566000a1be3cfcb43327d4b743,0xf47c0db2c238b5f1b9106228168f50133c40d657,["0xdb1fc589cf6f2266c0cf9114aec3900e1bed1d21","0x3013d62a7357021259c3ee463ec9fbc64de7ba76","0xa4759a6a0addca19dcff59b869db6b0d02a7744e"],2,0
38,0x4013f4f6ec28f84ea9071336466bf8916f179852,0x1e4ed7c2aa6b7faff7dab2d1551c698f40b69c0d,["0x00a72109d88f32218056f04e8a9e425cd1211884","0xf1ab9bd21ec62fd90c2235422a0c08fa7275dde7"],1,10000000000000000000
39,0x4022cc301cdfc1df7e1db82c7a0b4448ec1c4df8,0x731c0804d5d51c9299c03e43e13422032fdc7cb4,["0x00deef53ea4b220086b0f5301b618404da2619c7","0xa3997035c87c878f4e1d76a129c6f551f4a6b0e5"],2,10000000000000000000
40,0x40f69798812a1b2498d788a69e7e8edbadb72aad,0x23ae6ecc39daf88eca6c4ec707c1ba073028731e,["0x00d87e4d369067b37ded1b60d1ade2b4d309e43c","0x00169f7510b58153e62ec24b6f1f41542dbf2c1d","0x005ccf5b7b6b87105423a69bec02050f249020a6","0x00ecdba43c41ee80beb5e8248d7b5324cee607d9"],3,10000000000000000000
41,0x43c0d31adb89df0e6b02bf2bd9acb0696fe41e46,0x2f2f16da899d3e30b6eb5d7534dbc848f34b0c21,["0x00658b6f95c55d2d90ed33b31a59156032f8677e"],1,4500000000000000000000000
42,0x475f51c7e51e383f70156cf1fa6c21ba0de0ce69,0x0a4a1b6829f2e5542177fd0c0a25e6b1c4559bb9,["0x30a851fdd0cbe6db0a95b9d7483aeb7774e94f95","0x53fc49128b5e224534173d379c28c9427467cfe9","0x3f39503181a198420eead08066e18d111ec5c224","0xf34d2c5da5b1459d1f0ab5dcc3777af0cdcec75e","0x52232f5af129d6c2924203cd60f517197b6f6e6d","0x714a99d8b51422bd4326de5443a39b374b97dd46"],3,0
43,0x496d9b487b78090d9ba0b15950da35bc213dd4bc,0xea2931b98346bde839af286c3171dcc66a702fa7,["0xe9dbd863af5607fd8f32bf47e340edd6bcb8e100","0xf87e2d334428d69767dc05bb54f54988aedbee77"],2,10000000000000000000
44,0x4c7e21914b6a1c7183455134e24023e88ee90cd1,0x155364b31e8daa786793f0599e6a20578b77563f,["0x00a4f48594b142bc7d9316d3ac686c5a539d44a5"],1,1000000000000000000
45,0x4e2c8e58aefaf56b8eaa5d3a5c23cbfcf96c9aed,0xd67db01a741aad0468440f59e3beabefafe601f8,["0x0069a8424c06a88b391bf6fe669173b82328b3ef","0x1d16838eafd88ddbddbc9cf7ce250810573a1ce3"],2,0
46,0x4e2d0c204554c7f9cb1e3b3ac1e83dd3b4fc9622,0x4a2da5ac7f12faa46365c5e1a925e1195cb97d6e,["0x00ca405026e9018c29c26cb081dcc9653428bfe9","0xadf60ee5277fcfc38ae3c96d1be29d9a969dc506","0x827ffd1cec05d70b74eec25d6ee36a194dd456cb"],2,5000000000000000000
47,0x50073fbd5814cad94e60e85407dca3695d8d0439,0xbe9b57512679cce4c496616e063ebf6c7b4cb582,["0x008c899aa6706078fd26f9838e6af472e7811f13","0x9fc39a877f26bcfb0a37120f4b386fc53a09f89c","0x287f3bed03b4a09bfc54744157b7c0e2302835ff"],2,100000000000000000000
48,0x50126e8fcb9be29f83c6bbd913cc85b40eaf86fc,0xafee436f30e6fc7b1c715d75a1523c3d278a174e,["0xa4e3e53e89e575b32249e6105da159a4f48d34de","0x00907d90d36cced9a3ebce78a73d57184b35307c","0x3af70ac88fad0152c70e1d0ad46cf75a0b70a93c","0x8634516c7bd8c390ef4879151862b64551156ad6","0x11e70ce453de7c83853dd87ecb36ae9150aa6f9e"],3,1000000000000000000
49,0x50532e594bc045b75df5e57187e2e24d4655c21e,0x27e69deb7440759aad1284dd73fdeaa60c824f6f,["0x003448d17e25ae0b5eafd27cd2f00d377a6f547b"],1,1000000000000000000
50,0x51ac2051db10b0d05462ef1d7c3f7afd43ed8be7,0xb1d227ab5c4e37b7459830fcfd3bf59acc9a72e0,["0x00e46d71a45b1030384ad03ae9d95d3c017ac3f1"],1,1000000000000000000
51,0x539077c6e8a7dbf9fd13c16925a9504e3c6e24b8,0xea65726436e7955ec1d43e20869f72b95cbd3e34,["0x7fa0e084bdde52866764dd5f1b9110a42e130202","0xe1737a9788e06d8257021f8190b57f1ebc8f83d9","0xdf15a79ac8c84c0f98e11448a565f80c9fd7d2fb"],2,0
52,0x54d920b15a6fc49f7c206df8924d5c192da4228e,0xdcefe5b6007ebbef589a39edbdd17718fa56ec9c,["0x00b851eda9a38498f477fc4c4c41ff92bbd4ec77"],1,1000000000000000000
53,0x55f206ccea40fb17134258f11e732f358a10822a,0x680acb0f186b08a68b037a90e6e108e8d5c83375,["0x706eed7033847dac100bb3fbcfa3b47ce3f206e4"],1,1000000000000000000000
54,0x5aff03be8357d53f4758db5894744f51d515e41f,0xfcbc446056a6e2859bf3b40da228f9a3b7bf1454,["0x00a917eb0eb751e18173e1f8596b9393714bce8d","0x00b39bd6aa2be7b0fbb8ce80d63f793fe8fdbd33","0x001274c33385c91dcaf64c823e00153d83772037","0x009872f314f25d61d6637585288ec4377ee99594","0x0041bfeba810faa0ffe24c4bc45ec4304a6c5218"],5,0
55,0x5e341eec52820ec1c1841f20d9ea67973e8c4ee4,0x1829ecf64040bc7dfce3af47358b48c8fc8d6b14,["0x0092fb7d9851b1f43db96e459817a95fe44a6146"],1,1000000000000000000
56,0x5ed38634c678a8d5a95234b4b7b2ca07e5bb80a0,0x2a525c16d6a795042754024bac55671f51eb5d0b,["0x00c1fc387e6fa4e188cc100c0f7052ea68e07698","0xf5f56969a04446b6eb9748569ec70dc4b7853cd6"],2,10000000000000000000
57,0x5eef2747f49ce446f10036ddf48af6b27c3d61b7,0x403f5637be8ea49e4725b8989dd639cc0613d282,["0x00e8b967faaa4442bb9b19ca8458ac1fa7b51905"],1,1000000000000000000
58,0x6263c353994c14654f2b8d343dc8de2f0eecbea0,0xc97d7ca41f60ab0e4cb133cd350c542d939647a9,["0xd146076bf3ac3fe60a28d4bf9a60eaf4fab8af00","0xc9d0964a14567cc9e5565ce363aeef8e1adb1380","0x61330459c0a6bb16f78dba570b1051c58c0c95b6"],2,1000000000000000
59,0x637cc72b210546e0af1590fd2c9153501f3d1bfd,0xa9ff70f29e45e033ea25b7500d32241c5f9d153f,["0x61dba2fcb9a2ff97c8b7a5462380b3bd7f317379","0x03118e02ce007a0f0d1c9d806c2a7d5ae2f26995","0x194f0149019923c31800c6237e38ffda06f45ea1"],2,10000000000000000000
60,0x651a3731f717a17777c9d8d6f152aa9284978ea3,0x4a9b07a66b379626215886ad59821678c117a2a2,["0xc11f47ca3bf35700ae382a4dc11f9cf0b737f69d","0x14fe38c442e3c0037f51b7fbf2662c666812ee55","0x7897d1c1db8095171d839d771398d2286cc87f57","0xda322a4cc4ee3d096b750c570f3c2faf28835fdc"],3,0
61,0x69ad38baa72a277cb83d1eccc6279552e0f25dc0,0x6f922afa0ae3451c9feec2147e83a8681f0ef02f,["0x76578e5a5af33190ed61479266bdb21e8935ae73"],1,100000000000000000000000000000000000000000000
62,0x6a45c0ac25b9e6e4b07d9a37fca6de56766872aa,0xcb26191e857e2bf2cc21bf534307691e1e9574d4,["0x00e46d71a45b1030384ad03ae9d95d3c017ac3f1"],1,1000000000000000000
63,0x6bbb55bde42bb38f0fe70f3579c762bd6904813c,0x17f6ca0acb21e27015424f9e11d24d9ff8657cc3,["0x008fcbee5f92a49c67e6e865b5fa9d3e1a0926ca"],1,1000000000000000000
64,0x6cb2bc8af04dc5da25dfa001be49d65872e32e79,0x704add29745e75c70c9478afab84a0aefa7ede69,["0xe13540ecee11b212e8b775dc8e71f374aae9b3f8","0x002759b2de8bc7442b2d1feb5dc58ea962150a1a","0xae6ff9cff40d7cc8381d39bbd6a4e39c87f6483f"],2,1000000000000000000
65,0x6dbb825564e85925b0414fdbd41f764ec475c59b,0x0a39c26d091be480c62dd5e9f4153fa44e632ade,["0x003448d17e25ae0b5eafd27cd2f00d377a6f547b","0x50532e594bc045b75df5e57187e2e24d4655c21e","0x0fde350772d5d4418486797185e092124a4bdbff","0x003448d17e25ae0b5eafd27cd2f00d377a6f547b"],3,1000000000000000000000
66,0x72a7197bbccbe6ee1e9c688645436ed06017768a,0xec3d34fa4cc74f3a25c1dcdf73fa2402620aebb7,["0x0004f120dde50e94416dde0d3610a723afa86927","0x0056fba2a9bf8343b52cd124313073c63d338379","0x003c1fe6e9994e5a88d214b5c5ef6bf5df2e245d","0x00f050183945161d9a1eb93369a4e949e4992cae","0x00698d9761e4d9d6239a1233ed7372818885ad80"],3,1000000000000000000
67,0x73f879679b0fd8b25196834fe3e7a9615ea1b608,0x6394b2f528a01ff93366ea60975061995861f33f,["0x00936b4461cd682852d366be21f08a145d9663d5"],1,200000000000000000000
68,0x74b16e67582e66f791ba45c65f70b84c54541e3b,0x926d9be29b1bebc8ad0754edf357d42b02c1a56d,["0x00b851eda9a38498f477fc4c4c41ff92bbd4ec77"],1,1000000000000000000
69,0x75520dafacbe7669820f82709ca2feae9ec4f57d,0x3bcf202354227708bc4dc0c6a2330a12fb19fcd1,["0x30a851fdd0cbe6db0a95b9d7483aeb7774e94f95","0x53fc49128b5e224534173d379c28c9427467cfe9","0x3f39503181a198420eead08066e18d111ec5c224","0xf34d2c5da5b1459d1f0ab5dcc3777af0cdcec75e","0x52232f5af129d6c2924203cd60f517197b6f6e6d","0x714a99d8b51422bd4326de5443a39b374b97dd46"],3,0
70,0x764a1c7bfd2a8dba90f41226c54e9bf88c706258,0x3f5d520032a525a664f64b47af29362b7d219a54,["0xe13540ecee11b212e8b775dc8e71f374aae9b3f8","0x002759b2de8bc7442b2d1feb5dc58ea962150a1a","0xae6ff9cff40d7cc8381d39bbd6a4e39c87f6483f"],2,1000000000000000000
71,0x76b51d3d4337b09757a412db0c57182329481a48,0x4a0f06180df90a205c0d73cbf2952ed90dca4db1,["0x6a18a30ac4d2c8c1d34981c6350189ec746d12f5","0x00cbf02656187dd24c981e406021f43fc8fa69f2"],2,0
72,0x779cdcb772d2afd7a74418637382d40b4a4330fb,0x1d61198bd9c11b2ddf90d434de449a5c64064fbb,["0x76578e5a5af33190ed61479266bdb21e8935ae73"],1,1000000000000000000
73,0x77cc39282a160a4a565f10e83c36fd0544965b6e,0xbc3ec6019a2462857c0209b3e5a27281fad404b2,["0x0009676e0862836a24e5e187876e8613b3d4d80d","0x5ca7f20427e4d202777ea8006dc8f614a289be2f"],2,20000000000000000000
74,0x7bf67bdbf58a3c7a6eab82788273960702fb4dc9,0xac1a89b6363bbf333139ec1d4bd76d3458f44fcc,["0xbdc21fae769d7f5469993d8e83b465495d88cfc0","0xf5422827e1a3791fb06605aff0d24fb824be126e"],2,100000000000000000000
75,0x7cda7e8f32f2c37e4aae627a98ed130eb4a678f8,0xf7870533cecd98365e6d182063287bf0e61be922,["0x00bae7a51a4cee1cb5a115747a4e979451af7e04","0x00191e10231fc851212b37fd2dc022aa2d7e2b60"],1,1000000000000000000
76,0x7f8e70a2851942346eb08ac9b506f83ffbff1138,0x613636ea7ae2705601c390b08d25e96c481aec1e,["0x00320e0ea7612530bf7289544833d69ee2c2eebb","0x2a400a384977c80dfdbf17604f4601b32e88df5f","0x053a8f1ad20037cc3ffe67a98ecf5f5a8a9ac815","0xf1f7e2e19f0eaea6b7cb84b20e790d2ee61cefe8"],3,1000000000000000000
77,0x80be1f02d789db2704be5a9f6b97ec8713ebc529,0xd637de5243d8a3c7a728eef2f10e37860bc28c0e,["0x7777777d56309ea59568e5ec24c1705bdd5eca28","0x000000011186051f8df273cc03e1dbac7e699914"],2,100000000000000000
78,0x8306f9bdec388231265e77225c4e28eb716f6b55,0xb932e9d4c015c6d5cff5cfae380e303a203451ed,["0x00611c10229f18de5997505c3a06fc90cbe75e5f"],1,5000000000000000000
79,0x851286854a2c56eb74a082fdad9d3cf87a218df9,0x3857186c0b641bc9a70a45f28fbc45729ed39a89,["0x005aaaece78f4228aca222de6525cd80135ee04a"],1,1000000000000000000
80,0x8a65df1c21800cb3860d7ffab517bcceea685fb0,0xd5184ae237127971ee402f71b1e8a90c827a53e3,["0xe13540ecee11b212e8b775dc8e71f374aae9b3f8","0xae6ff9cff40d7cc8381d39bbd6a4e39c87f6483f","0x002759b2de8bc7442b2d1feb5dc58ea962150a1a"],2,1000000000000000000
81,0x8ae1a1a78c326abc8c7de3e70a8a6bdf9328e0ba,0xd2d19f4644e6b6e019bc9203c8f4ca5d555c1ec5,["0xd3fc8fc1df301e7ef90f1949df3c4f8860ae2062","0xdf7e1f46f3a53552c168f28ad95ef5eab6283178","0x00a20a450a79a1f8b7e19858dd55712b47542ff6"],2,0
82,0x8b7af85a82c081ba4ba556e925547325fae43b98,0x2c6382a1d314734b9e01a05a28c915978cb69ccf,["0x00134e74778c68aca8aecee487242e5d381d457a"],1,1000000000000000000
83,0x8bbaf6956e8e2aef3eb8f192f5eaf48b4bbbb126,0x905468106e62da208986d14e9b44e36a23e0550c,["0xb502815548429d0266a08dfa141f4c0e71bdb0b9","0x1efcb90dc77478fba3d50f055c6ba57952baafcb"],2,0
84,0x8d2ee01dd9e947067fda69e3b62064556a92d1c8,0xb6e707253a552681efc0c15058e1fffce4f176b2,["0x00e74be51e04f119d5ced0a91e1df162f85b69bf"],1,1000000000000000000000000
85,0x8e4b3eadf078a80a3308da16fce741c2c20305a1,0x7fee6839ddac86503b95bc860d5e44f07447b78d,["0x5aa9cc646d4df7b9a1b332155e14d72e0af17b11","0x5b0998d5eebb2f999b0f1b25501593063ef1b2e6"],2,0
86,0x8edaaaf2f30edd0a561c219f475fff026cdac575,0x03423865b21a5966e508e60d0c929e066baa1b44,["0x00006314ee6ba5a9421e4aa6a47c6867a882bd92","0xe977ea9ea90d1924f85977d22c83f672b51f3128","0x15307cfc2ec92a5dd0397b445595599a02ca6c4e"],2,0
87,0x8ee1dfed72c8c401da3525033d471420a1da466b,0x80ad8a3bae17e870d4201b88addfe13e67af4854,["0x00c4adbcc4584b6c3424490347a28a5c56e6354b","0x00a70211c27772968c7439112e4de23b92ac8c85","0x00addc03cc3a9114d2152ce37bc34b5e2a9e7a82"],2,0
88,0x8f4b3c36196a4c94c69debded3060424e339c2ea,0x84efce7771dcc3fee8e37aa717a3f768dd0a896b,["0xa31ec57bb313e8fa8ece24a4afda7d4f0dfb0d2d","0x06c27fe0e05ae5712857dd383ecc323d8917d948","0xa65480ceda2c2535c3e301773f4b801070cca980"],2,0
89,0x90f737392c48618242b28eaa8d4fdc4793af2676,0x5c8a265fd7fb29c01aefab583ddfabb01155e262,["0x008d4fa11e6d45d6fd8b1151bd1c556d05afd7e3","0x9ed07b5db7dad3c9a0baa3e320e68ce779063249","0x4a8441212108cf6bafcf31e8f43fbcaca50d0943","0x0fe0ecfd53525fde9153e4c3acf66403b392a832","0x984be5b537464be838ffa1cc558764f6b77ddbcc"],4,10000000000000000
90,0x956ff844abd8f58add1160c62810ad34befc8bbd,0xa4e866867abb22f95e05591962cc1c66ed06f966,["0x007f93f37036712a02d572fbb4eb5cb6217ef823"],1,150000000000000000000
91,0x9a89bcf8960cfa516de8521e62621fc39b3d3a04,0x370518f14a20c96abde8cd7e21cfeb0023360074,["0x89bb5a1880608fe606f6d2c3dc30c3624f3429fc","0xe730b30256bd9d3f5cbfdaad0f584307876acd25"],2,0
92,0x9ce7318fc46cddfaf3089327b4d58d54784e541c,0xdc7276374dd826b61aa9c84ed2aa9d0a962b56a6,["0xa4e3e53e89e575b32249e6105da159a4f48d34de","0xffd54ed8bc5e07a3c306e457fd84c677271bc372","0x008bac1278740dbb463ff8efbdc8b195351b6beb"],2,10000000000000000000
93,0x9fc9e6fe3567cfe89cf8de12ac051955b8865308,0x5e543bbaaba110b0ebd7927f535b26fc77ca7d67,["0x0006b28ac5d5c46beb1a14fb8fd7c04f84eadbac","0xa5ba162c959ea6a8fcc93aea45dc2451ee689a76","0x18a672e11d637fffadccc99b152f4895da069601"],2,1000000000000000000
94,0xa113f56092cefb9255c56813de43c6ca2d80681c,0xda3222042395bf02b6e23fa436d87a6525547234,["0x00dd0248927ebf767ef1a3349b8b8ea98ea29055","0x00a25a2c973eb39b64ce6a7e0f246987cf0c7129","0x192222a03218d7ad1955d7bf44175e3594a328a1"],3,0
95,0xa3a22aed1d45342c96012c64104bb8b121eca07c,0x02b40772b938f57c7b00e32b0410a3e40208ae29,["0xfbfa258b9028c7d4fc52ce28031469214d10daeb","0x008ae5624a944d5eb8bd5ecbec8c82f9cdeba667","0x5cae9bc0c527f95cc6558d32ec5b931ad7328088"],2,0
96,0xa6ae6a5d2853262a3f591043ea63d4b06940ef0f,0x4a15a5c628084df583bbbce5aed30ef602cc1a72,["0x00a8a5f940c6a50b82297378de8e45d97c91c139","0x0076314c491a3d0ccdd23b62e8a6ebcc5d9ceda2","0x007668a0c0931ec759123fa527ecf932db9c95d1"],2,50000000000000000000000
97,0xa73c7171cda453bb44000c80f6a9221718b16211,0x62c1c742dd6b6c19ff406686d361658cb801ef0e,["0x00cf5c9e5605ff2274a99b8dd49de6343067c839","0x00d446d9eea21528760948a6e4042c3bae08987a","0x364b9ae56bd21d3dc1af5fb7bc087e60c752495f"],2,0
98,0xa7950e88d0c41c1396fcb84c2d50286194538b8f,0x9d44046c8ef2a670f71624f6e37493bfd6c887e8,["0x1d16838eafd88ddbddbc9cf7ce250810573a1ce3","0x00053ba7778a1683e2a988ec0430aeb819bc0a51"],2,1000000000000000000
99,0xa96b0d4cacc9714f69e42bfa49cd20858eb2fe24,0xc74470065c6865d5c18fd27fd5a752b0f6da635e,["0x00811cc262cc66972083e6e00fe43ce6b9097ef7","0x00be48f02aa751c09e082d2c754c33019d9d0839","0x002cb22591b8d5059478ae0f9fd248f80e5f03a2"],2,1000000000000000000
100,0xa9b1d13399687fcfab76c9a52ad59cd225134ec6,0xcee583403ae5c0d48cccc9f7e87bd9b916378623,["0x006282875ffb94f2f46063a00cee768003ba0ef8"],1,1000000000000000000
101,0xaa693f51d92179c282c700b7e2a6e7052823c291,0x5a5b72b7ee5b2a34bba1badd891b8a7ce69bc400,["0x0004f120dde50e94416dde0d3610a723afa86927","0x0056fba2a9bf8343b52cd124313073c63d338379","0x003c1fe6e9994e5a88d214b5c5ef6bf5df2e245d"],2,1000000000000000000
102,0xaac6ba6cb7d29722bedd1ee06bfccd30fa3c7581,0xa632f69423474846835faa0c519018276fcd8dd3,["0x002f08bfa1d470b43e49eb64da8c7f47c81f365f"],1,1000000000000000000
103,0xab88b9bc99476dd4d7d8a1d8381066519359f243,0x239940ebf010a0b06dade3b30b8ebb10bd0e61cd,["0x378ee9dc4ff8172066c8ed094bb89fde1b387d31"],1,1000000000000000000
104,0xac558414d058f42665d4eeb66a1934d3f82f5cfd,0xdb149af895abf78d1d0714fa01078132ddd0bf83,["0x00ff6d467bf9d0ce7b113c2c0d8e40eeef6f7a59"],1,1000000000000000000000
105,0xae307e3871e5a321c0559fbf0233a38c937b826a,0x13a4e423a1d88c330269f0367f6d41316b2a7662,["0x008d4fa11e6d45d6fd8b1151bd1c556d05afd7e3","0x9ed07b5db7dad3c9a0baa3e320e68ce779063249","0x4a8441212108cf6bafcf31e8f43fbcaca50d0943","0x0fe0ecfd53525fde9153e4c3acf66403b392a832","0x984be5b537464be838ffa1cc558764f6b77ddbcc"],3,0
106,0xae50462e7ed5b22f31b1ed3a5ef3fb9220277ef7,0xddfff2410b9aa787a8b6700ab8f26d64a0b71332,["0x00b462a47643b21cc8b0b6d985deed660508cda8"],1,1000000000000000000
107,0xb12100ad65600ece950a8485e6304211c0a38493,0x4343bf9ed6879057a1cb07def9c52bb9ca410628,["0x00e46d71a45b1030384ad03ae9d95d3c017ac3f1"],1,1000000000000000000
108,0xb1acfe19d3277c9b6e29472dbbfa0fa96f81597d,0x1822aec9d65b285fbaed3f5a5e70a45b08f53a84,["0xdb1fc589cf6f2266c0cf9114aec3900e1bed1d21","0x3013d62a7357021259c3ee463ec9fbc64de7ba76","0xd8466f783c1f14617ee3e0b68d40892f625c7d78"],2,0
109,0xb302c55f7e4a8320640d212537d5d81256bc4a44,0x97e6cdad35dd78e2b16e28bfa8bd0ddb7ef0d43b,["0x00e46d71a45b1030384ad03ae9d95d3c017ac3f1"],1,10000000000000000000
110,0xb52284ffe2560aae7b4b61a4fd079d9ca8a8aeac,0x9319558f321f5d29731fed753a2b198c1e6ace1f,["0x00661d2ff918cadd07f194eb6781f7f3af755c48"],1,1000000000000000000000
111,0xb52736b178bf12f133b0bbd108650b3b4121ef5c,0xe54ace6de557100e3722148773540387946ee1e3,["0x0088db9e97689c85a29e67d08f1f0e43bc40ae4d","0x07cf6c3f0844b690d915838358b28b2e54763a18","0x009fdb0920dcd80646a47cb5155f5b3c7f5a1ce3"],2,50000000000000000000
112,0xb68dd3322631244b553fea98040399a4258cf04d,0xfa97225d57664e5504fc27a582f1b58268b65833,["0xa4e3e53e89e575b32249e6105da159a4f48d34de","0xe2c7763a1d22566e12f42635a2cbfa28135a3009"],2,1000000000000000000
113,0xb6a86c3ccb3f062e3208071cda361f7f47a6ed8e,0xb742f2a7c2cb13f1fe53847433768265685ca47c,["0x5b85425528d4980f76e4e4ff182b7f68706ad3ff"],1,10000000000000000000
114,0xb7aa741108ae27e02401fef2101114e5b8bb0ad9,0x41f3df6bd10ca7410737208769915a4d01d713b6,["0x0019b634253ac43ede8f92b4ffa6815d0188cc21"],1,1000000000000000000
115,0xb94f3a5ca67be4b33c73c16e84d7cd82277d772c,0x36dd760c2ec0a29030e95366a20b041a8245dc23,["0x00252cc27e0754062234e7fab4f00c8a49fe55e6"],1,10000000000000000000
116,0xbcb2797f9a74d9099d6077c743feb3bc812eb2a4,0xbda41f0427c3106e691ba3080031ea7b2f7bee1e,["0x008cc2d5b6225b59d71d4a2f7ffdcf1f5c6bd11e"],1,1000000000000000000
117,0xbec591de75b8699a3ba52f073428822d0bfc0d7e,0x676619e942ff435ea5d809b035c7d82420a850a3,["0x006bb8a2227b752180d8bd03556ecb186301fa05","0x00fa8dd063bb44daa425f0c2ec717447d34ac7e1","0x00d997c7bf22b20fa1804254e84bc3191cb8c722","0x00dc39fa295e17c7a1352a7e2e241059cebcf1e5","0x008992fd71f064604f219981a298872887e6560e"],3,1000000000000000000
118,0xbf764eb314daad130dbad1f75aec54990f21c29b,0x483087cb346850c1e06e5b40e5fb68954ab4b5bc,["0x00bb2ce475b1c38d3c5cc8fe855229d4f1792383","0x003115733ae7c8cdc1e90a1327c273743e503a3a"],2,1000000000000000000
119,0xc0968d7e104a06357c69e04e260a483b30c29a05,0x150d2d5ca206fe14d507d8879d9dad697aabcf02,["0x00661d2ff918cadd07f194eb6781f7f3af755c48"],1,1000000000000000000000
120,0xc4623b433a77b870ef7a995c1443fe2e0657992b,0x9f3702ee7cf70b5e7a5fffc26b1989d983d56fd7,["0x0023640ed445fcaf549770bfd0c33962d14521b1"],1,1000000000000000000
121,0xc4724c8546c9c4e26d08182f803e0b51a061357e,0xae2e2a2b1923a6a64086f9d1214323543a5498e1,["0x00c7472697a2577d25c7dca41b97c0ee60e6b46c","0x0091524b055c1b36360fabf5695ec56322251935","0x003d503df3209897cbbaddeb92b4df0782537090"],3,10000000000000000
122,0xc511c9934e9e314da30dffa170d6eb33947ec4bc,0x9ab06afc17f746b7947a15c3b21e210de5f30c86,["0x0070a44cb3d24803a6b42e1fcbdf472e403aa53d"],1,1000000000000000000
123,0xc6c554d741c0eac1f70deaec54943f62ac25946a,0x1c01aefd5e224f4bbcdb7b0821270f56749a84c2,["0x0074fde1e1f34029e6605fbfb5211511d3365507"],1,1000000000000000000
124,0xc78fab6904ced168b894d205d209e95708fa4809,0xe4c11968ce9f8dc88e5babf174c5f886c9e1932a,["0x00b7cd7f3835942c4ce33c77b85150a812769050"],1,10000000000000000000
125,0xc7a13c9ceba109499c2c00af977591b55a03e6af,0xef24a3c0a3e721aebd23ecc074643789b8de9541,["0xfbfa258b9028c7d4fc52ce28031469214d10daeb","0x7c31560552170ce96c4a7b018e93cddc19dc61b6","0x44fcfabfbe32024a01b778c025d70498382cced0"],2,0
126,0xc7d3ac5ccaa44f3f0652613ab79adca97090e780,0xf09b34b01254e1e329990bbad0c23d1f0e8b1596,["0x00e18a56bfa1f8f1676ee23c8fe7c7598e57567a","0x00b788dbea7351d99dc6badecb96a818bde8c38f","0xe347f09c9aa28650c30c88641fa0729782ae9b10"],2,1000000000000000000
127,0xc8987f22eadef2b68c59938d9a6dfb1fc0c4e0b6,0x3fcaeced544196f65ff5e11cfc709d43df1b527b,["0x00f983a6f96dcb0a4c15a3aafc067f8261789c29","0x0057bc2802e1e1f4dde5ba296b3f0edf8d2e17f8"],2,1000000000000000000
128,0xc965c6ef32ccc278181cbc68573fa0a5f1997b17,0x33824af5ed424489d9b54818f8b4fb96885b1529,["0xd146076bf3ac3fe60a28d4bf9a60eaf4fab8af00","0xc9d0964a14567cc9e5565ce363aeef8e1adb1380","0x61330459c0a6bb16f78dba570b1051c58c0c95b6","0x41e83a624abeeb3f87d0e2ffdb173e8f554d67a3","0x6a305598950e738e0b7ed15be413a5b2669c848e"],3,1000000000000000
129,0xcc98745f40c668ccf6bd97a6fd954551bcc1e650,0xf28ba6430364a457397061cac472c652b59cdb5d,["0x00320e0ea7612530bf7289544833d69ee2c2eebb","0xddb0ce3f629bbc4842ae92716412d6b259cbbe9f"],2,100000000000000000
130,0xccfa829f12bd1b7618702ace114a0e464f311f6e,0x153bea57fc9083b4aab020506d3e13c0fbb2ee68,["0x00b159a054b4b6871ecb6c3a5ca080837953e5a4","0xccfa829f12bd1b7618702ace114a0e464f311f6e"],1,3000000000000000000
131,0xce9f93eb7f78fcb7e7d222c81f258535dc218d4b,0x996838d3cce70c9ecfb5f2d13690bd74d727bfb0,["0x00e0689e16232945f97c27bde102a054e2108670","0x00c1aa575114fbcbf50601059fbe57abd966841a","0x00b3a10c9f17d1e43e05f78b2cb6e1339437cf88"],2,0
132,0xcf6fd94d077a08f4e800ad01ba4faa01d9c27779,0xe371ab65611f1f0d3c1d6f288ff8c64a02100dd3,["0x80958bcf4b0e46fdd6be2765598e866553ce772e","0x26e9632e19fe3a9696d641107cb285606cbb2d75"],2,0
133,0xd0f706bf4738732145344dc407d36b88859c3349,0xf66f0cc935ae2d4a98447a61e9ad9e9e8cf9a04f,["0x00073103c819211ef56d0a8ba7f71c11a84aa55f","0xe13540ecee11b212e8b775dc8e71f374aae9b3f8","0x3af5f67d0762b55eddaed71a5045d3f316ee8b37"],2,0
134,0xd12b693156f6bc4c33d73e60424a544bcbe17556,0x24dd647b3d520ce10bdab158d8ea6630b7616f71,["0x00e8556eb51d1e85d3af28720878e29cdf3450ad"],1,999000000000000000000
135,0xd1f4b2bb61b2dec72d5222a6beb062a9575d6804,0x031c1dccf98ec4626fcf72b6449582fa39fdc0be,["0x00320e0ea7612530bf7289544833d69ee2c2eebb","0x002d35b13a49a7563339e7e412d34ce4c5122640","0x007cfeeab9e60c87c6814383268153d56411ad3c","0x0029590bbff2177ce7f613c419e08ef84fcf8368"],3,1000000000000000000
136,0xd3a15d933bc568ce20e93c617822e2ffb77411ea,0xf2098f864720d25a3320880bc045390f07579616,["0x00661d2ff918cadd07f194eb6781f7f3af755c48"],1,1000000000000000000000
137,0xd4d2a4b571109ad1397e953ab87d6e5feed031b2,0x05d388f5350124f3e905cbcf3145e2d488e41d85,["0x00f44a914c11ef5029140f9924d3bb05cf8981b3","0x00126ca168a5d9703ac226e9ad62c27674ee8442"],2,1000000000000000000
138,0xd707e69e6644c2d9709a21acd7b8fbfe5a6de1f6,0xd16514354fa67fadf047c5307d709a02d0215724,["0xe13540ecee11b212e8b775dc8e71f374aae9b3f8","0xae6ff9cff40d7cc8381d39bbd6a4e39c87f6483f","0x002759b2de8bc7442b2d1feb5dc58ea962150a1a"],2,1000000000000000000
139,0xd7c33aaff9e1fe4e970aee0bcf999a0f9c528b75,0xe6c89138ae827dda83d57b372e0c7e5851963a22,["0xd9400d7f6790c7c20a441f2e7e2876e4b0f0252c","0xf214dde57f32f3f34492ba3148641693058d4a9e","0xc8a1dab586dee8a30cb88c87b8a3614e0a391fc5"],2,0
140,0xd7e7de032e4682cb150e8fe8c8dcbdc99b4c1fff,0xdfa7515a514546f617e570d2d0ba50bd1d0a9e3e,["0x0048553d4f9e2636b24221bb6a6d01ea978458da"],1,1000000000000000000
141,0xd93719574b0bc5f691f5da8cae9599cec1f202c7,0x79b6b083d545e9b4a801c5f9140aae400d8e7d33,["0x0019b634253ac43ede8f92b4ffa6815d0188cc21"],1,10000000000000000000
142,0xde7119dc74161341e2f8b4ed1b73c0ccea1a481f,0xa3bf36b547e3182ab171d6896409f6ba5db7fbbc,["0x00e46d71a45b1030384ad03ae9d95d3c017ac3f1"],1,1000000000000000000
143,0xdeb5af89cd95eb814be5c1690144d1f2d7143747,0x522da8fa965eee9942e2258555a187dd117dfbf2,["0xbf807a810f645314caddbf130e4ebdf1a4fc9153"],1,5000000000000000000
144,0xdf86984226814e2970ea94fedd9676276fedfacb,0xe0597864ae990dcfedc41b129529a2608185073f,["0x005aaaece78f4228aca222de6525cd80135ee04a"],1,1000000000000000000
145,0xe18b0c48a7d1e9dfa333157fa222c783f35044a7,0xba4145c0514e3004043783491b6d5f02d6384f21,["0x003dd74078c058144e5aa8fd7853b8fcff96a44c"],1,100000000000000000000000000
146,0xe20ec1721fd0a897592d7630786a4a4c848e96a6,0xc4640a1f053bf34878ae89597fb4a58ce09953a7,["0xe13540ecee11b212e8b775dc8e71f374aae9b3f8","0xae6ff9cff40d7cc8381d39bbd6a4e39c87f6483f","0x002759b2de8bc7442b2d1feb5dc58ea962150a1a"],2,1000000000000000000
147,0xe50634f6cabc048e069ead7ddda94dcf51173841,0x040b3456b2debf7e8171b6716b50ed47fb2212c2,["0x00be7b23aed36ac2bb3c8c32a92617763b9bf23e"],1,1000000000000000000
148,0xe847fb549244df7d1370fff369ed82e2b894d23f,0xc8383a441142f8c0e1a13a5290eb88584cdc1cac,["0x00565d7c83ca4000fa1cf76fd53037586382c086"],1,1000000000000000000
149,0xe8ebb13902a7ab342163d2a241c1e4891798b56f,0x183522cec61990f85170d3ab3b174dff250b1db8,["0x007162d82c79a2f4f8dbffa480ab04699bd05b42"],1,1000000000000000000
150,0xeba90b310b464c20d409de6de7a75735bff63dad,0x28136ec6d2f2afd6c7fa766449fe2aa074d044df,["0x0035b29f2ae7d8cb89cf3245ca289cee6b71e671"],1,20000000000000000000
151,0xec0dc7522ff8d3da35924bfaebeb5b8d79121d61,0x4b451d784ac715c3653c0559f9de66ce1e263566,["0x8351a1c92e701c9feb9f31bced1cf9fce0105590","0x009ebfd6ca2b3a204acbc6542b0d8e52dcc4c8c4","0x0084921fdecbd271f752b9f9bb3e7cf9bfc69461","0x9e451f537b8cc0b63837b6f1283025db796db816","0xea52357c951f0b2c17b9a6ab555e5503d848013a","0x0003b3bf878cbfaf1d3c763177bd9e4816e63e93","0xd816362243f43eeb4d7638ba73a9cd7e5195c330"],4,0
152,0xed1475eee0c969d4877bd05ffdd6bfdc84b821da,0xa67a95652b2316a3d5b95a8433a5c5ee1cd2fead,["0x1697c3c6b4359124c1b2a8fb85114c67b6491965","0xa794ec062a5224b0f2526d536eff59436230174d","0xb82c49f378499008562a56a5e93c9320a903332f"],2,10000000000000000000
153,0xefc0290283c59572fc03a6cc433831935477ada3,0x2552e80723010205cd900ca78aba4ad6ec7f8085,["0x001355df41b0955d04123e37425256dbbacf0132","0x874e6b766fae6d9a07a0aaa4db94613113646d14","0x5d9b1263fba7ae4e9eca978e95c94361df3872f8","0x00155d5711fa4ffa6c2e7f1c6d46dc071981fa61"],3,1000000000000000000000000
154,0xf2919796ac2b7d4c884bec05cebe92a4b6f1e701,0x6be62679e10d498ce6fe72ad4f7923192c0c9741,["0x00661d2ff918cadd07f194eb6781f7f3af755c48"],1,1000000000000000000000
155,0xf39fc9bc6b3d39333c3663e89f887a7c6eeb84eb,0xcb550662afa7ab4984653919fdd087dec7e38bd8,["0x001844f3aa3ea6a8e7e4051e832d273bae4c37f3"],1,1000000000000000000000
156,0xf3ee7953a11d5ffae24d12a2e8d2d77afb5a2730,0x5604c9d4d015d963abf8636133f8553fec2cf7a2,["0x0088db9e97689c85a29e67d08f1f0e43bc40ae4d","0x75d27075d8d9aa87e54f05a07a52c5a117436cc7","0x0034f7473531239b1799bc7f14ff97d5303a5a93"],2,10000000000000000000
157,0xf6a4384aa41f74714a71e01b3f3faf75a6e879bc,0x0916b840139ad8f1b18b29a410e8c67919577603,["0x0361a2ce309ba0115f2a6cc1478624a0e345d7ef","0x49fa4cdc763790536fea72209e3bc45ab541776b","0x3e37b5b6c94bfa0219cf195ee0773f56d6c8359f"],2,100000000000000000000
158,0xf6e5e2344a12e036d3a4fed39c931e3351cb8cee,0x30147eff20937ccda63ac75d87d2360671aef65a,["0x003c05bc9e8460965f693d6dadf11327f45d3fbd"],1,1000000000000000000
159,0xf9ee19fa632d737af5614f646c0ce10ec7694031,0x5d2af8ccdf5bbb2c4acdea6b6d22f77fd8ea5739,["0x00f3d74df747e2fc800a4e331c4d843a007c5a72"],1,1000000000000000000
160,0xfae8014dc8bd8806421dfa4c538a770b3d3541dd,0xcb5e4522cfdf2af6d1b2c823e6f7584318c6907a,["0xe13540ecee11b212e8b775dc8e71f374aae9b3f8","0x002759b2de8bc7442b2d1feb5dc58ea962150a1a","0xae6ff9cff40d7cc8381d39bbd6a4e39c87f6483f"],2,1000000000000000000
161,0xfbbe877a949e8eb1db740ebb3ef020b20b9fbbfa,0x104c17965a10fabb7229ad9804d0ae6fefafa8a8,["0x00e823eac75b86d1804499a82957f2079055b5cb"],1,1000000000000000000
162,0xfd2b11f7e1b58c7f9ccf5479aab8ed4bf7a7ee8b,0x48a667fdac77b13bed56ae64aec0588f99378e1e,["0x0024d5549bf5c3aca24f1ceaecf50f50c9d92bd7"],1,1000000000000000000000
163,0xfe7e3ee7d3fcd8f3957aafb8348a38d229e4409a,0x7e42a2b81700a1099c2aa015f31f8465f83725ee,["0x3c8253fbf4ac7fd8957e3d81a1f4968365353134","0xc08b7f7ce643507451b0a78087d8d9406621052e","0x39ed9c270dca8673b70aacef8d03bd1c72783b7b"],2,1000000000000000000
164,0xffa9477927cf6a7cd2ccd4cb23ca2349520ef872,0x64958a401b181b16fff94091e506e00553825ec2,["0x009c509d412782c07e489df8702cb2333f3ca07a"],1,1000000000000000000
