id,oldWallet,newWallet,owners,required,dailyLimit
0,0x9f82984f02f42b31f24d37799c9d63604f9a6f15,0xb24e9e3dc822daa8ace9af9c9b2ff8ab8348bc93,["0x00730819b8b1f47022a9a40c6cc55b8014c4c2da"],1,1000000000000000000
1,0x00e97dc9df137a4065418fe6475f9465b63d9f59,0x832a5acd6686492c47efc23799f976763cb6ba65,["0x00661d2ff918cadd07f194eb6781f7f3af755c48"],1,1000000000000000000000
2,0x01dbb419d66be0d389fab88064493f1d698dc27a,0x1446bf7af9df857b23a725646d94f9ec49802227,["0xe55b45668705e6de753787765173ea2c8cd09356","0x002759b2de8bc7442b2d1feb5dc58ea962150a1a","0x00fcf62d421198a3c9e8be67ac6778d119ea9d55"],2,1000000000000000000
3,0x01e5be25eb25a0b4ffb73d34a0b5b72b49dafa7a,0x03447fcc5aecc0472f7e67fef89ebedaf6df7279,["0x00d87e4d369067b37ded1b60d1ade2b4d309e43c","0x005ccf5b7b6b87105423a69bec02050f249020a6","0x00ecdba43c41ee80beb5e8248d7b5324cee607d9"],2,1000000000000000000
4,0x039704a4ecf78b0e1eef8f181a7838a0c68876ca,0x786e49f0830421e4f60df2aad00e9a367867e80f,["0xe13540ecee11b212e8b775dc8e71f374aae9b3f8","0xae6ff9cff40d7cc8381d39bbd6a4e39c87f6483f","0x002759b2de8bc7442b2d1feb5dc58ea962150a1a"],2,1000000000000000000
5,0x03a62c4b61e7118025b8c253b2e09cf74ca0f31a,0xfecbcba2890cb9bae294537674e4f2dd4550f482,["0xe13540ecee11b212e8b775dc8e71f374aae9b3f8","0xae6ff9cff40d7cc8381d39bbd6a4e39c87f6483f","0x002759b2de8bc7442b2d1feb5dc58ea962150a1a"],2,1000000000000000000
6,0x062d1816ea36366a714c34b9b283f4d377dc0191,0xaf766478aa284bb69b85a344ca0072e86dc70025,["0xc8a1dab586dee8a30cb88c87b8a3614e0a391fc5","0xf214dde57f32f3f34492ba3148641693058d4a9e","0x2be2f917397bacfb3c939f6db3bee80aa606ae31"],2,0
7,0x06c1edc5d0fb879ab8b129dcff1f7b704782508b,0xc039518d5c96e03cdb15e5268043c69848a34f87,["0x00a45ad4d870d2b5ea165ffdad2a6c7df7c56c1b","0x0051d42f00673b1baa182633f63acbd5f950a8b2","0x00d0c3c7a172947d7e2879c71d8ecf9b536e221d","0x00c461fef1f175953b68e25c6d8f36060fa8fa7d","0xec7890b19457a1ebf8d9e6ee6830308926c91459"],3,100000000000000000000
8,0x0ca95b38cd1551a3db33f2b7ebeb40db84eba8f9,0x18589669e1596f19e8bd77cd27083465e6de5340,["0xe13540ecee11b212e8b775dc8e71f374aae9b3f8","0xae6ff9cff40d7cc8381d39bbd6a4e39c87f6483f","0x002759b2de8bc7442b2d1feb5dc58ea962150a1a"],2,1000000000000000000
9,0x0cc12572d4028e492a919fe82feeda53fe43782f,0xb2c0c13a0a6adbc30b6907e50a0855ee3365f100,["0xb3022b41174416789d05f53f03979a6e134a3848","0x008088e5b3a1121a53a9effa47a6b00ab338753f"],1,5000000000000000000
10,0x10df28c3ccf3300dd8ff924d9f15440f46d918f7,0x02e9da9a030bb80aedd37055d70352651a289628,["0x008d4fa11e6d45d6fd8b1151bd1c556d05afd7e3","0x9ed07b5db7dad3c9a0baa3e320e68ce779063249","0x4a8441212108cf6bafcf31e8f43fbcaca50d0943","0x0fe0ecfd53525fde9153e4c3acf66403b392a832","0x984be5b537464be838ffa1cc558764f6b77ddbcc"],1,1000000000000000000
11,0x111115111fd0953445d624ceaac28d0ad0c9e74f,0xa25f3992a062544211fc70a39126aafb330c790d,["0x03f10bf5fa8131a96f09c8e474d7077c5fddd074","0x0000e5fabe3a8dd992b73517de6415a2043dc7ca","0x0000004eef1841ddb31cc4d5232231448a42c1d2","0x0000003f5ba685d7b020310b44978646f364ba75"],2,500000000000000000
12,0x111b3d565f5da36b1decdf19dfbb26dc6cd970c6,0xc0007ad0bd9ca4e53f62ac0a83ebfb5ac436126b,["0xc0ffeece5397f30e18a8dd7a92644178675fbbbe","0x000000011186051f8df273cc03e1dbac7e699914","0x365cab320045e61302b788e922f55c07c03a5ba7","0xd0944aa185a1337061ae20dc9dd96c83b2ba4602"],4,1000000000000000000
13,0x1971066fa9419a03a07cca394204915818d6c140,0xcb6ef0ca25d06ec03b6bb01189b7e10635d0ce23,["0xe3d87fe66e70f91356c698fc8ee0532f51a466bf","0x0249a9b58ba742cbd224c1eec6d8817d333ec55d","0x0a6344a2d5cb0707a918dd835e527d4e253da225"],2,0
14,0x1f4fe4426bb6936b1007bb0a30f2f46e7c1b64dd,0x3da37572c341604ea69c294b8c4d1080388b5116,["0x0000dc41b901c875d151c2800bb4e5b026f5fa0b","0x00c1aa575114fbcbf50601059fbe57abd966841a","0x00b3a10c9f17d1e43e05f78b2cb6e1339437cf88"],2,0
15,0x1f6cbb740f7eeb4806276376e7378dd1fa36fc11,0xf48236dbd776128a1fef2ae40bfbd3dcefe5397b,["0x00a7ae45065561a234831473a656b360a5ca72a8","0x0094f9ff3559c21543de24f0db4b8abac713011a"],2,0
16,0x20b014a0b669906781250cdcf9966d5c4ce1527a,0x60ecfc61e27152daffc7931448ac9dde0dcaa37a,["0x8f493c12c4f5ff5fd510549e1e28ea3dd101e850","0x00e73102580dcbdb1df2d161a8d73ab3e4706285","0xd298bc3a7e089555ed6bbb227bdd05b8aad5830e","0x16b228154a4aea2869ac96364b4ebe410eae3360"],3,300000000000000000000
17,0x21d32aa7d6f763a21276189046f45423dc37b14e,0x8b394fb545f087573d592e8b01b0d61f7aedc137,["0xe13540ecee11b212e8b775dc8e71f374aae9b3f8","0x002759b2de8bc7442b2d1feb5dc58ea962150a1a","0xae6ff9cff40d7cc8381d39bbd6a4e39c87f6483f"],2,1000000000000000000
18,0x223cc19bf2fcc7219e0518c89a735b99091a57e9,0x8935c64c5f93458266c6283d6b4dfc8798cffce9,["0x00d45de1d3f648f982167cdfd37474d46254a134"],1,1000000000000000000
19,0x2270be634ed8130a0402cd106de1f04ea35fa0a9,0x6e1fe030ec2976da90c6f2c99a2b6c271fb525ad,["0x006fda7cd5eec123999635b9af6e6fff81ddbc9d"],1,10000000000000000000000000
20,0x22dc62c96de482743b231f29326a3d18b2d73eb2,0xb0ff60748787face47b3dd200d32fc0f51692666,["0x00e3d5376448a18e897af3b1ae939094bc5bef7b"],1,3000000000000000000
21,0x248743463983b3b0c667717bb8c30e5ac79199bb,0x58675fde5602338928f69a0937f0ad22071b37d5,["0xe13540ecee11b212e8b775dc8e71f374aae9b3f8","0xae6ff9cff40d7cc8381d39bbd6a4e39c87f6483f","0x002759b2de8bc7442b2d1feb5dc58ea962150a1a"],2,1000000000000000000
22,0x248c9bae4fee646906821155ef1a538e7ca978ec,0xd2c6f8a5664d5c83386570230e72757e568100b5,["0x00133f358c55671599e8ff2c9e85bfa5856d5a98"],1,1000000000000000000000
23,0x2499e22e19b0af3c1ab82071db2a9c4fd7ed328d,0x17e69da1b3190e64cba9550147673b248bfef427,["0x00c8144899d944b4ef2a3f78f28e264699a3af10"],1,1000000000000000000
24,0x25e4af0dd6f4f7127a82a5a82a53e1e6aace4835,0x309b4f147bed8b0c410d7eab9871fe37f26876a8,["0x00a8a5f940c6a50b82297378de8e45d97c91c139","0x007668a0c0931ec759123fa527ecf932db9c95d1","0x0076314c491a3d0ccdd23b62e8a6ebcc5d9ceda2"],2,4000000000000000
25,0x260a28a165081f5cfe94454543514e76ae746410,0x13d200f00b7801d3d995e8d23f19fa80b8db9149,["0x00c7667d5095f3e0d7ad84167f75007237167d29"],1,1000000000000000000
26,0x26afa29ce626d9dcc331ad5e0fbd454ad6362c7c,0x324567117a613d0a267a791766bf37682e2354e9,["0x00da2b55ad44c071f474440a96b95ea716d1a119","0x009ece511c7e67a0bd950aa2f2ad4a4cde81f48c","0x00f519f33a4c020ff879d502e88a5ec63d951128"],2,25000000000000000000
27,0x2993753c24323d9152e69f6589109f67b2921dac,0x87af3c6dd31cfda51a1a331ebc61c087e7cee6ec,["0x74bba277ead3e1f69a6ed5c7caee140adbf77563","0x9c7d3af3d671b933a184085519fc80c2e8c2290b","0x4fe921e8f2b80901649add7e7565f92c666cad35"],2,0
28,0x2aab51f6c6dac9c4484e22220bf97dfe1431950a,0xb1d4a0515b0c6ff763b5e6daf4d2f6f8cb93c95b,["0x00d45de1d3f648f982167cdfd37474d46254a134"],1,1000000000000000000
29,0x2c6647d4c95b9e064ceb48727cb4f4918c16d824,0xc543f89ef8f38c850db88be0f3e214088c1f9d74,["0x005ee33762b213afcea5d294b14f005b00624661","0x00cbf02656187dd24c981e406021f43fc8fa69f2"],2,0
30,0x2ddf00ef072b0375fd4c6f0acfd4cbe0065f9a69,0x10950b7da1217a6d8b46526d32520e6c38711f2e,["0x002482ca0fa7c623cac1c91e3f0f875f8380d0dc","0x002482ca0fa7c623cac1c91e3f0f875f8380d0dc","0xee81e6293b9f0dd6fcabe582b77079489a9d74b8","0x009ebfd6ca2b3a204acbc6542b0d8e52dcc4c8c4","0x0084921fdecbd271f752b9f9bb3e7cf9bfc69461","0xd9b4e8fc37540680fb618054692928d977c49061","0xca4cb8e4db10bb8ad5df575d5f793cd73e341935","0x9e451f537b8cc0b63837b6f1283025db796db816","0xea52357c951f0b2c17b9a6ab555e5503d848013a"],4,50000000000000000
31,0x3085335d03541c007fb7b15e9112ca1f364ad8bb,0xb9270f0f1fcad1019f5c3ab140d30d3aee3e1f35,["0x007b5ad44fc7cd99a445c8c209a070604f45df50"],1,1000000000000000000
32,0x30b3c64d43e7a1e8965d934fa96a3bfb33eee0d2,0x1e757c0b7ae8caae96e0dbd147af74ce65659331,["0xd54e6fdcb787bef88e03aadaa7c6c197bda732ad","0xc44ca6ec87a229f61f9c8d4feba81dcf51a666dd","0x1697c3c6b4359124c1b2a8fb85114c67b6491965"],2,1000000000000000
33,0x32a5b17b23d70124c9910b177b131ce3281a930b,0x12cbbd336cbf3ab3f0fdae21226f2d24a7920ea0,["0x033b9de6ee16acd885276e76386718eb29a276c0","0x78caac617c2c14856457c6983344ef73674c57c8"],2,100000000000000000000
34,0x3cb96f3d6b66c55c2942ebe70826f7a15b044a8a,0xde967734f602db0b83dba794e68e1d5f38b3c75f,["0x5fdea078c4a6cf33302f5dddcb91de677bae972a","0x6e39646edd82d80ed5a9758bb8d53f69f5b91511","0x72ec02119eff951e2e24905038bc3976cc29efcb","0xc0c232d1240dd901e45816fc4c213d3ed90ebb82"],2,1000000000000000000
35,0x3d52571f1ce8f035da1c1ed716f3055790274549,0xfc949d6501a21be57c4edfa378f53a5fd0ce9d15,["0x00e3399e77c7aefcc187d17eb90cbd1833d9681d"],1,1000000000000000000
36,0x3d578574e5f8e5db7936b95220e335dca7e8bbce,0x7f16d37b2919fa96cc8a35ee0d7546f998ff4ecc,["0x003b5203f20b729932ee3a1ce2963456989700a3","0x0052d3c5932c9491ac5974282bf8052c99cdc81b"],2,500000000000000000
37,0x3fec3c6e014e28566000a1be3cfcb43327d4b743,0x67faa7a9700f22e7c88cf7e099e58baf59a45fbb,["0xdb1fc589cf6f2266c0cf9114aec3900e1bed1d21","0x3013d62a7357021259c3ee463ec9fbc64de7ba76","0xa4759a6a0addca19dcff59b869db6b0d02a7744e"],2,0
38,0x4013f4f6ec28f84ea9071336466bf8916f179852,0x58eb0c8c2adb977162a83ad94adb12cc186bd203,["0x00a72109d88f32218056f04e8a9e425cd1211884","0xf1ab9bd21ec62fd90c2235422a0c08fa7275dde7"],1,10000000000000000000
39,0x4022cc301cdfc1df7e1db82c7a0b4448ec1c4df8,0x3a47215866b4d927b391c8f15c15002e72e46bab,["0x00deef53ea4b220086b0f5301b618404da2619c7","0xa3997035c87c878f4e1d76a129c6f551f4a6b0e5"],2,10000000000000000000
40,0x40f69798812a1b2498d788a69e7e8edbadb72aad,0x4ea71f27b68d1fcd0ca121cff67aabce30c71868,["0x00d87e4d369067b37ded1b60d1ade2b4d309e43c","0x00169f7510b58153e62ec24b6f1f41542dbf2c1d","0x005ccf5b7b6b87105423a69bec02050f249020a6","0x00ecdba43c41ee80beb5e8248d7b5324cee607d9"],3,10000000000000000000
41,0x43c0d31adb89df0e6b02bf2bd9acb0696fe41e46,0x5928dd503b82c024e96b41b353aa0704d54ef842,["0x00658b6f95c55d2d90ed33b31a59156032f8677e"],1,4500000000000000000000000
42,0x475f51c7e51e383f70156cf1fa6c21ba0de0ce69,0x38da9317835135d017353e5f43be03d46f3e49dc,["0x30a851fdd0cbe6db0a95b9d7483aeb7774e94f95","0x53fc49128b5e224534173d379c28c9427467cfe9","0x3f39503181a198420eead08066e18d111ec5c224","0xf34d2c5da5b1459d1f0ab5dcc3777af0cdcec75e","0x52232f5af129d6c2924203cd60f517197b6f6e6d","0x714a99d8b51422bd4326de5443a39b374b97dd46"],3,0
43,0x496d9b487b78090d9ba0b15950da35bc213dd4bc,0x503b95870ffe0165764e26f3201de59dc6c82538,["0xe9dbd863af5607fd8f32bf47e340edd6bcb8e100","0xf87e2d334428d69767dc05bb54f54988aedbee77"],2,10000000000000000000
44,0x4c7e21914b6a1c7183455134e24023e88ee90cd1,0xa54d0578177bfa14df82458a55466b44e2a33d30,["0x00a4f48594b142bc7d9316d3ac686c5a539d44a5"],1,1000000000000000000
45,0x4e2c8e58aefaf56b8eaa5d3a5c23cbfcf96c9aed,0x3d5e00a840347cbc189a834e05e3e05c314eeef4,["0x0069a8424c06a88b391bf6fe669173b82328b3ef","0x1d16838eafd88ddbddbc9cf7ce250810573a1ce3"],2,0
46,0x4e2d0c204554c7f9cb1e3b3ac1e83dd3b4fc9622,0xb3ec214cc056b637662a20457a417a4568291690,["0x00ca405026e9018c29c26cb081dcc9653428bfe9","0xadf60ee5277fcfc38ae3c96d1be29d9a969dc506","0x827ffd1cec05d70b74eec25d6ee36a194dd456cb"],2,5000000000000000000
47,0x50073fbd5814cad94e60e85407dca3695d8d0439,0xb4b8e5bfa9ba09da2acbea4acaaaf4e2bf0585fd,["0x008c899aa6706078fd26f9838e6af472e7811f13","0x9fc39a877f26bcfb0a37120f4b386fc53a09f89c","0x287f3bed03b4a09bfc54744157b7c0e2302835ff"],2,100000000000000000000
48,0x50126e8fcb9be29f83c6bbd913cc85b40eaf86fc,0xd9482c1d3270dbd8b1f4247ac85eb8aee8012b17,["0xa4e3e53e89e575b32249e6105da159a4f48d34de","0x00907d90d36cced9a3ebce78a73d57184b35307c","0x3af70ac88fad0152c70e1d0ad46cf75a0b70a93c","0x8634516c7bd8c390ef4879151862b64551156ad6","0x11e70ce453de7c83853dd87ecb36ae9150aa6f9e"],3,1000000000000000000
49,0x50532e594bc045b75df5e57187e2e24d4655c21e,0x8f6eae31d20d1e65b1bf6a2ebc70a54f4bef31bc,["0x003448d17e25ae0b5eafd27cd2f00d377a6f547b"],1,1000000000000000000
50,0x51ac2051db10b0d05462ef1d7c3f7afd43ed8be7,0xd6ebfc894fcd03608f1a685d475eb2ea85dd0b12,["0x00e46d71a45b1030384ad03ae9d95d3c017ac3f1"],1,1000000000000000000
51,0x539077c6e8a7dbf9fd13c16925a9504e3c6e24b8,0x62b6e0779bc8ea5109714445af0014ca71bab885,["0x7fa0e084bdde52866764dd5f1b9110a42e130202","0xe1737a9788e06d8257021f8190b57f1ebc8f83d9","0xdf15a79ac8c84c0f98e11448a565f80c9fd7d2fb"],2,0
52,0x54d920b15a6fc49f7c206df8924d5c192da4228e,0x77e14c3dfaf0523ae0f1318343ff456f3d77fe36,["0x00b851eda9a38498f477fc4c4c41ff92bbd4ec77"],1,1000000000000000000
53,0x55f206ccea40fb17134258f11e732f358a10822a,0x7511eac5c657731574285815888d49ef0f793233,["0x706eed7033847dac100bb3fbcfa3b47ce3f206e4"],1,1000000000000000000000
54,0x5aff03be8357d53f4758db5894744f51d515e41f,0x86a4e5f0711fb5cefb14d17843c80672d48d44df,["0x00a917eb0eb751e18173e1f8596b9393714bce8d","0x00b39bd6aa2be7b0fbb8ce80d63f793fe8fdbd33","0x001274c33385c91dcaf64c823e00153d83772037","0x009872f314f25d61d6637585288ec4377ee99594","0x0041bfeba810faa0ffe24c4bc45ec4304a6c5218"],5,0
55,0x5e341eec52820ec1c1841f20d9ea67973e8c4ee4,0x4c69c0098702fc32812f86f1d4a9ada4b2acfb88,["0x0092fb7d9851b1f43db96e459817a95fe44a6146"],1,1000000000000000000
56,0x5ed38634c678a8d5a95234b4b7b2ca07e5bb80a0,0x03d0a45aea9e63ca63173555549ceeddc5f5c789,["0x00c1fc387e6fa4e188cc100c0f7052ea68e07698","0xf5f56969a04446b6eb9748569ec70dc4b7853cd6"],2,10000000000000000000
57,0x5eef2747f49ce446f10036ddf48af6b27c3d61b7,0x71e896ca700ffd0741499822e2ff470b232c43dc,["0x00e8b967faaa4442bb9b19ca8458ac1fa7b51905"],1,1000000000000000000
58,0x6263c353994c14654f2b8d343dc8de2f0eecbea0,0xe0c8601578242828ab8aa3f44b1e6b700592ba96,["0xd146076bf3ac3fe60a28d4bf9a60eaf4fab8af00","0xc9d0964a14567cc9e5565ce363aeef8e1adb1380","0x61330459c0a6bb16f78dba570b1051c58c0c95b6"],2,1000000000000000
59,0x637cc72b210546e0af1590fd2c9153501f3d1bfd,0x00fe8ef58dc8282cac6e1d275acf0821c5084e88,["0x61dba2fcb9a2ff97c8b7a5462380b3bd7f317379","0x03118e02ce007a0f0d1c9d806c2a7d5ae2f26995","0x194f0149019923c31800c6237e38ffda06f45ea1"],2,10000000000000000000
60,0x651a3731f717a17777c9d8d6f152aa9284978ea3,0x037b5214e78154292ce5e6542e13ae28cbb3d295,["0xc11f47ca3bf35700ae382a4dc11f9cf0b737f69d","0x14fe38c442e3c0037f51b7fbf2662c666812ee55","0x7897d1c1db8095171d839d771398d2286cc87f57","0xda322a4cc4ee3d096b750c570f3c2faf28835fdc"],3,0
61,0x69ad38baa72a277cb83d1eccc6279552e0f25dc0,0xf8e2641de6dc60005e91c6b6ba3565e8c786b444,["0x76578e5a5af33190ed61479266bdb21e8935ae73"],1,100000000000000000000000000000000000000000000
62,0x6a45c0ac25b9e6e4b07d9a37fca6de56766872aa,0x8bf4124ab6b69d4c86bfce597286d2a4473b8db5,["0x00e46d71a45b1030384ad03ae9d95d3c017ac3f1"],1,1000000000000000000
63,0x6bbb55bde42bb38f0fe70f3579c762bd6904813c,0x1945bd97b65bc6adde161bc9051afcbc36de26aa,["0x008fcbee5f92a49c67e6e865b5fa9d3e1a0926ca"],1,1000000000000000000
64,0x6cb2bc8af04dc5da25dfa001be49d65872e32e79,0x7623ba56c9ef6d82fc6c789d42dd2597a29407bf,["0xe13540ecee11b212e8b775dc8e71f374aae9b3f8","0x002759b2de8bc7442b2d1feb5dc58ea962150a1a","0xae6ff9cff40d7cc8381d39bbd6a4e39c87f6483f"],2,1000000000000000000
65,0x6dbb825564e85925b0414fdbd41f764ec475c59b,0xadbda5288a6e348445604e9f5860457f6132f5a6,["0x003448d17e25ae0b5eafd27cd2f00d377a6f547b","0x8f6eae31d20d1e65b1bf6a2ebc70a54f4bef31bc","0x0fde350772d5d4418486797185e092124a4bdbff","0x003448d17e25ae0b5eafd27cd2f00d377a6f547b"],3,1000000000000000000000
66,0x72a7197bbccbe6ee1e9c688645436ed06017768a,0x1c10ad0b5f1b4013173f05b4cc05a60cbbaa6536,["0x0004f120dde50e94416dde0d3610a723afa86927","0x0056fba2a9bf8343b52cd124313073c63d338379","0x003c1fe6e9994e5a88d214b5c5ef6bf5df2e245d","0x00f050183945161d9a1eb93369a4e949e4992cae","0x00698d9761e4d9d6239a1233ed7372818885ad80"],3,1000000000000000000
67,0x73f879679b0fd8b25196834fe3e7a9615ea1b608,0x199b5413311768050f8e2ff1c6e2c77ba28399e9,["0x00936b4461cd682852d366be21f08a145d9663d5"],1,200000000000000000000
68,0x74b16e67582e66f791ba45c65f70b84c54541e3b,0x7d1ac4d31e6f8bd4b1405ffc8ad15f7fed1b98f4,["0x00b851eda9a38498f477fc4c4c41ff92bbd4ec77"],1,1000000000000000000
69,0x75520dafacbe7669820f82709ca2feae9ec4f57d,0x0dbeb19372661621b2eb9172d8099b01a399abb7,["0x30a851fdd0cbe6db0a95b9d7483aeb7774e94f95","0x53fc49128b5e224534173d379c28c9427467cfe9","0x3f39503181a198420eead08066e18d111ec5c224","0xf34d2c5da5b1459d1f0ab5dcc3777af0cdcec75e","0x52232f5af129d6c2924203cd60f517197b6f6e6d","0x714a99d8b51422bd4326de5443a39b374b97dd46"],3,0
70,0x764a1c7bfd2a8dba90f41226c54e9bf88c706258,0x6676f1404f5a065657741d5112693b48d5f436e3,["0xe13540ecee11b212e8b775dc8e71f374aae9b3f8","0x002759b2de8bc7442b2d1feb5dc58ea962150a1a","0xae6ff9cff40d7cc8381d39bbd6a4e39c87f6483f"],2,1000000000000000000
71,0x76b51d3d4337b09757a412db0c57182329481a48,0x2ae27e0568e187c4b8729ae1083856843b876850,["0x6a18a30ac4d2c8c1d34981c6350189ec746d12f5","0x00cbf02656187dd24c981e406021f43fc8fa69f2"],2,0
72,0x779cdcb772d2afd7a74418637382d40b4a4330fb,0xccebb54b42b8b558dbbae59838b284098191a9c4,["0x76578e5a5af33190ed61479266bdb21e8935ae73"],1,1000000000000000000
73,0x77cc39282a160a4a565f10e83c36fd0544965b6e,0x4a3255eb29f34481bf10bbd564dc47f36836a8c6,["0x0009676e0862836a24e5e187876e8613b3d4d80d","0x5ca7f20427e4d202777ea8006dc8f614a289be2f"],2,20000000000000000000
74,0x7bf67bdbf58a3c7a6eab82788273960702fb4dc9,0xfc41c5b91d8cfcadf7daf6476f1e0ea9eb5a5b5f,["0xbdc21fae769d7f5469993d8e83b465495d88cfc0","0xf5422827e1a3791fb06605aff0d24fb824be126e"],2,100000000000000000000
75,0x7cda7e8f32f2c37e4aae627a98ed130eb4a678f8,0xa4dc86555ae103fa7be4e747521d96fcb493d644,["0x00bae7a51a4cee1cb5a115747a4e979451af7e04","0x00191e10231fc851212b37fd2dc022aa2d7e2b60"],1,1000000000000000000
76,0x7f8e70a2851942346eb08ac9b506f83ffbff1138,0x3bc400c58d8f38155f9256c3d4799023379ff8af,["0x00320e0ea7612530bf7289544833d69ee2c2eebb","0x2a400a384977c80dfdbf17604f4601b32e88df5f","0x053a8f1ad20037cc3ffe67a98ecf5f5a8a9ac815","0xf1f7e2e19f0eaea6b7cb84b20e790d2ee61cefe8"],3,1000000000000000000
77,0x80be1f02d789db2704be5a9f6b97ec8713ebc529,0xf98e7bfef6101dd19c11d735ec162fec9157c9c7,["0x7777777d56309ea59568e5ec24c1705bdd5eca28","0x000000011186051f8df273cc03e1dbac7e699914"],2,100000000000000000
78,0x8306f9bdec388231265e77225c4e28eb716f6b55,0x961e21915162fd121ec4a19a317f16d0cb9f949a,["0x00611c10229f18de5997505c3a06fc90cbe75e5f"],1,5000000000000000000
79,0x851286854a2c56eb74a082fdad9d3cf87a218df9,0x9a6e78eca3c644e4467b17f351747540900c5666,["0x005aaaece78f4228aca222de6525cd80135ee04a"],1,1000000000000000000
80,0x8a65df1c21800cb3860d7ffab517bcceea685fb0,0x2821c951d22fff9bf525ccf843e747ef74eaa71b,["0xe13540ecee11b212e8b775dc8e71f374aae9b3f8","0xae6ff9cff40d7cc8381d39bbd6a4e39c87f6483f","0x002759b2de8bc7442b2d1feb5dc58ea962150a1a"],2,1000000000000000000
81,0x8ae1a1a78c326abc8c7de3e70a8a6bdf9328e0ba,0x1222eef923e7356d65d03f6ca90652d083c2a999,["0xd3fc8fc1df301e7ef90f1949df3c4f8860ae2062","0xdf7e1f46f3a53552c168f28ad95ef5eab6283178","0x00a20a450a79a1f8b7e19858dd55712b47542ff6"],2,0
82,0x8b7af85a82c081ba4ba556e925547325fae43b98,0x0f67e2a333aa78c047e356b0f74788b3ef2b2bfa,["0x00134e74778c68aca8aecee487242e5d381d457a"],1,1000000000000000000
83,0x8bbaf6956e8e2aef3eb8f192f5eaf48b4bbbb126,0x78a0b9d7ba0fa35a5e73d4dd8ab1f1b7e7788818,["0xb502815548429d0266a08dfa141f4c0e71bdb0b9","0x1efcb90dc77478fba3d50f055c6ba57952baafcb"],2,0
84,0x8d2ee01dd9e947067fda69e3b62064556a92d1c8,0xc1aeae7852838d67922fb6b1c365dc75836a9fb5,["0x00e74be51e04f119d5ced0a91e1df162f85b69bf"],1,1000000000000000000000000
85,0x8e4b3eadf078a80a3308da16fce741c2c20305a1,0x6cd1c3fba48173c939eff12f0e2f68aaf78115a5,["0x5aa9cc646d4df7b9a1b332155e14d72e0af17b11","0x5b0998d5eebb2f999b0f1b25501593063ef1b2e6"],2,0
86,0x8edaaaf2f30edd0a561c219f475fff026cdac575,0x9ef27540e7bd4a5e01035194db76ad91f685ef1f,["0x00006314ee6ba5a9421e4aa6a47c6867a882bd92","0xe977ea9ea90d1924f85977d22c83f672b51f3128","0x15307cfc2ec92a5dd0397b445595599a02ca6c4e"],2,0
87,0x8ee1dfed72c8c401da3525033d471420a1da466b,0xc68c6c785d98f096ebd67b9b2d8b2cbde2a516b8,["0x00c4adbcc4584b6c3424490347a28a5c56e6354b","0x00a70211c27772968c7439112e4de23b92ac8c85","0x00addc03cc3a9114d2152ce37bc34b5e2a9e7a82"],2,0
88,0x8f4b3c36196a4c94c69debded3060424e339c2ea,0x7475d67c4baa1b62a7d84cb2aa5616ce82f35a04,["0xa31ec57bb313e8fa8ece24a4afda7d4f0dfb0d2d","0x06c27fe0e05ae5712857dd383ecc323d8917d948","0xa65480ceda2c2535c3e301773f4b801070cca980"],2,0
89,0x90f737392c48618242b28eaa8d4fdc4793af2676,0x3e25b4f199d9de3de87a209e38df1992c2f20191,["0x008d4fa11e6d45d6fd8b1151bd1c556d05afd7e3","0x9ed07b5db7dad3c9a0baa3e320e68ce779063249","0x4a8441212108cf6bafcf31e8f43fbcaca50d0943","0x0fe0ecfd53525fde9153e4c3acf66403b392a832","0x984be5b537464be838ffa1cc558764f6b77ddbcc"],4,10000000000000000
90,0x956ff844abd8f58add1160c62810ad34befc8bbd,0x323c27c3562559db6a44722940bb88a75d5c91d6,["0x007f93f37036712a02d572fbb4eb5cb6217ef823"],1,150000000000000000000
91,0x9a89bcf8960cfa516de8521e62621fc39b3d3a04,0xa4456d532d18cc1b1d0b1f5d4a4c01c7d9691a7d,["0x89bb5a1880608fe606f6d2c3dc30c3624f3429fc","0xe730b30256bd9d3f5cbfdaad0f584307876acd25"],2,0
92,0x9ce7318fc46cddfaf3089327b4d58d54784e541c,0xb1a19e2ed12b1c1e427e911a70ece7f8c169fbd3,["0xa4e3e53e89e575b32249e6105da159a4f48d34de","0xffd54ed8bc5e07a3c306e457fd84c677271bc372","0x008bac1278740dbb463ff8efbdc8b195351b6beb"],2,10000000000000000000
93,0x9fc9e6fe3567cfe89cf8de12ac051955b8865308,0x554dcaa51fb75a6312c80f9e5ae468674b98357d,["0x0006b28ac5d5c46beb1a14fb8fd7c04f84eadbac","0xa5ba162c959ea6a8fcc93aea45dc2451ee689a76","0x18a672e11d637fffadccc99b152f4895da069601"],2,1000000000000000000
94,0xa113f56092cefb9255c56813de43c6ca2d80681c,0x9b1adac4d674558ee1553458437980bf8815165a,["0x00dd0248927ebf767ef1a3349b8b8ea98ea29055","0x00a25a2c973eb39b64ce6a7e0f246987cf0c7129","0x192222a03218d7ad1955d7bf44175e3594a328a1"],3,0
95,0xa3a22aed1d45342c96012c64104bb8b121eca07c,0xf2020f42a1df8449f86e479495fed805256b4f6f,["0xfbfa258b9028c7d4fc52ce28031469214d10daeb","0x008ae5624a944d5eb8bd5ecbec8c82f9cdeba667","0x5cae9bc0c527f95cc6558d32ec5b931ad7328088"],2,0
96,0xa6ae6a5d2853262a3f591043ea63d4b06940ef0f,0x16bdf00830171746fa43e61ff4ce26d2fe5445c4,["0x00a8a5f940c6a50b82297378de8e45d97c91c139","0x0076314c491a3d0ccdd23b62e8a6ebcc5d9ceda2","0x007668a0c0931ec759123fa527ecf932db9c95d1"],2,50000000000000000000000
97,0xa73c7171cda453bb44000c80f6a9221718b16211,0xfa2d4cae45d48e78129c0ce7a14800ce54dbd40f,["0x00cf5c9e5605ff2274a99b8dd49de6343067c839","0x00d446d9eea21528760948a6e4042c3bae08987a","0x364b9ae56bd21d3dc1af5fb7bc087e60c752495f"],2,0
98,0xa7950e88d0c41c1396fcb84c2d50286194538b8f,0x371a47672da989889dcf17d8991c6a361dc14d11,["0x1d16838eafd88ddbddbc9cf7ce250810573a1ce3","0x00053ba7778a1683e2a988ec0430aeb819bc0a51"],2,1000000000000000000
99,0xa96b0d4cacc9714f69e42bfa49cd20858eb2fe24,0x845e34f7a38bbec1c25593b6bdf2fdcc6b7d5459,["0x00811cc262cc66972083e6e00fe43ce6b9097ef7","0x00be48f02aa751c09e082d2c754c33019d9d0839","0x002cb22591b8d5059478ae0f9fd248f80e5f03a2"],2,1000000000000000000
100,0xa9b1d13399687fcfab76c9a52ad59cd225134ec6,0x814c75b97ca3f40348fe69487b820406f43104d8,["0x006282875ffb94f2f46063a00cee768003ba0ef8"],1,1000000000000000000
101,0xaa693f51d92179c282c700b7e2a6e7052823c291,0x451651e0c451d2ddc61f8e1763e62193edae0d5a,["0x0004f120dde50e94416dde0d3610a723afa86927","0x0056fba2a9bf8343b52cd124313073c63d338379","0x003c1fe6e9994e5a88d214b5c5ef6bf5df2e245d"],2,1000000000000000000
102,0xaac6ba6cb7d29722bedd1ee06bfccd30fa3c7581,0x9fc566d32c0d2c5773b6c42a12e504bf8c95d4df,["0x002f08bfa1d470b43e49eb64da8c7f47c81f365f"],1,1000000000000000000
103,0xab88b9bc99476dd4d7d8a1d8381066519359f243,0x1e3d67bb2976b5c9f54aaf05221e987076118955,["0x378ee9dc4ff8172066c8ed094bb89fde1b387d31"],1,1000000000000000000
104,0xac558414d058f42665d4eeb66a1934d3f82f5cfd,0x1774c5f0f58d6fe7180f8f247f8464d119af0c22,["0x00ff6d467bf9d0ce7b113c2c0d8e40eeef6f7a59"],1,1000000000000000000000
105,0xae307e3871e5a321c0559fbf0233a38c937b826a,0x21346283a31a5ad10fa64377e77a8900ac12d469,["0x008d4fa11e6d45d6fd8b1151bd1c556d05afd7e3","0x9ed07b5db7dad3c9a0baa3e320e68ce779063249","0x4a8441212108cf6bafcf31e8f43fbcaca50d0943","0x0fe0ecfd53525fde9153e4c3acf66403b392a832","0x984be5b537464be838ffa1cc558764f6b77ddbcc"],3,0
106,0xae50462e7ed5b22f31b1ed3a5ef3fb9220277ef7,0x3e39d8bbe15ecbdef588779b33cd5695f81a0ec8,["0x00b462a47643b21cc8b0b6d985deed660508cda8"],1,1000000000000000000
107,0xb12100ad65600ece950a8485e6304211c0a38493,0xde6d180e77aba054b086d4e07b9a29b726113869,["0x00e46d71a45b1030384ad03ae9d95d3c017ac3f1"],1,1000000000000000000
108,0xb1acfe19d3277c9b6e29472dbbfa0fa96f81597d,0x30e1f4f053e5491bb561114fbb2d31158a8fa572,["0xdb1fc589cf6f2266c0cf9114aec3900e1bed1d21","0x3013d62a7357021259c3ee463ec9fbc64de7ba76","0xd8466f783c1f14617ee3e0b68d40892f625c7d78"],2,0
109,0xb302c55f7e4a8320640d212537d5d81256bc4a44,0x48ec916f433d5bad51a9192bd34277f419d849e7,["0x00e46d71a45b1030384ad03ae9d95d3c017ac3f1"],1,10000000000000000000
110,0xb52284ffe2560aae7b4b61a4fd079d9ca8a8aeac,0x15dbb685ab4be069f6cf9108d406b7798419dd74,["0x00661d2ff918cadd07f194eb6781f7f3af755c48"],1,1000000000000000000000
111,0xb52736b178bf12f133b0bbd108650b3b4121ef5c,0x1e50209ea14c2cc92ef7c51bc57c99f1bd5f28f8,["0x0088db9e97689c85a29e67d08f1f0e43bc40ae4d","0x07cf6c3f0844b690d915838358b28b2e54763a18","0x009fdb0920dcd80646a47cb5155f5b3c7f5a1ce3"],2,50000000000000000000
112,0xb68dd3322631244b553fea98040399a4258cf04d,0x616a951af8b268e65c06bd642d566e3aa179c355,["0xa4e3e53e89e575b32249e6105da159a4f48d34de","0xe2c7763a1d22566e12f42635a2cbfa28135a3009"],2,1000000000000000000
113,0xb6a86c3ccb3f062e3208071cda361f7f47a6ed8e,0x5efbd8fd7f0a957d6e54e39c85d3abad518905f3,["0x5b85425528d4980f76e4e4ff182b7f68706ad3ff"],1,10000000000000000000
114,0xb7aa741108ae27e02401fef2101114e5b8bb0ad9,0xc9580844390e8b716177a0c85f83c3d4d18d708a,["0x0019b634253ac43ede8f92b4ffa6815d0188cc21"],1,1000000000000000000
115,0xb94f3a5ca67be4b33c73c16e84d7cd82277d772c,0x34f216d63cc143bbb5fab6106b4d15457c1220d3,["0x00252cc27e0754062234e7fab4f00c8a49fe55e6"],1,10000000000000000000
116,0xbcb2797f9a74d9099d6077c743feb3bc812eb2a4,0x335a5684a788251e13ad27af6f409759d75d8ba6,["0x008cc2d5b6225b59d71d4a2f7ffdcf1f5c6bd11e"],1,1000000000000000000
117,0xbec591de75b8699a3ba52f073428822d0bfc0d7e,0x49132a6c96e6652fe2a2ec079d0dad5a77f5248f,["0x006bb8a2227b752180d8bd03556ecb186301fa05","0x00fa8dd063bb44daa425f0c2ec717447d34ac7e1","0x00d997c7bf22b20fa1804254e84bc3191cb8c722","0x00dc39fa295e17c7a1352a7e2e241059cebcf1e5","0x008992fd71f064604f219981a298872887e6560e"],3,1000000000000000000
118,0xbf764eb314daad130dbad1f75aec54990f21c29b,0x4123ef467da2db045bf4d02f0b5f8df710fc6030,["0x00bb2ce475b1c38d3c5cc8fe855229d4f1792383","0x003115733ae7c8cdc1e90a1327c273743e503a3a"],2,1000000000000000000
119,0xc0968d7e104a06357c69e04e260a483b30c29a05,0x1f5a524a636d9d421f5898cbc0e874d9b410dbe8,["0x00661d2ff918cadd07f194eb6781f7f3af755c48"],1,1000000000000000000000
120,0xc4623b433a77b870ef7a995c1443fe2e0657992b,0x05d947d98970f730ade0bb5b004442e69d347e58,["0x0023640ed445fcaf549770bfd0c33962d14521b1"],1,1000000000000000000
121,0xc4724c8546c9c4e26d08182f803e0b51a061357e,0x3e508655db2b43c3e210b5df8b3af14d066a7ebf,["0x00c7472697a2577d25c7dca41b97c0ee60e6b46c","0x0091524b055c1b36360fabf5695ec56322251935","0x003d503df3209897cbbaddeb92b4df0782537090"],3,10000000000000000
122,0xc511c9934e9e314da30dffa170d6eb33947ec4bc,0x6d5ef24fe5b030a71be9ada084b56e689f1e6a8a,["0x0070a44cb3d24803a6b42e1fcbdf472e403aa53d"],1,1000000000000000000
123,0xc6c554d741c0eac1f70deaec54943f62ac25946a,0x34b8ba53e8a2dd995abff0dd4aa63c615f77601f,["0x0074fde1e1f34029e6605fbfb5211511d3365507"],1,1000000000000000000
124,0xc78fab6904ced168b894d205d209e95708fa4809,0x4ff6ddae0e294dcaec50afa880f826edc205d28e,["0x00b7cd7f3835942c4ce33c77b85150a812769050"],1,10000000000000000000
125,0xc7a13c9ceba109499c2c00af977591b55a03e6af,0x880edf80c2ede71795488af0df43f3a89fccae33,["0xfbfa258b9028c7d4fc52ce28031469214d10daeb","0x7c31560552170ce96c4a7b018e93cddc19dc61b6","0x44fcfabfbe32024a01b778c025d70498382cced0"],2,0
126,0xc7d3ac5ccaa44f3f0652613ab79adca97090e780,0x146d91efa3fcc8a8c0abbea09d381f220aece99a,["0x00e18a56bfa1f8f1676ee23c8fe7c7598e57567a","0x00b788dbea7351d99dc6badecb96a818bde8c38f","0xe347f09c9aa28650c30c88641fa0729782ae9b10"],2,1000000000000000000
127,0xc8987f22eadef2b68c59938d9a6dfb1fc0c4e0b6,0x13fe219930dfeba2b252a8052ab8463309252f89,["0x00f983a6f96dcb0a4c15a3aafc067f8261789c29","0x0057bc2802e1e1f4dde5ba296b3f0edf8d2e17f8"],2,1000000000000000000
128,0xc965c6ef32ccc278181cbc68573fa0a5f1997b17,0xdbba4a8c9852f46ab68d9e0aa5bcf8fad960e710,["0xd146076bf3ac3fe60a28d4bf9a60eaf4fab8af00","0xc9d0964a14567cc9e5565ce363aeef8e1adb1380","0x61330459c0a6bb16f78dba570b1051c58c0c95b6","0x41e83a624abeeb3f87d0e2ffdb173e8f554d67a3","0x6a305598950e738e0b7ed15be413a5b2669c848e"],3,1000000000000000
129,0xcc98745f40c668ccf6bd97a6fd954551bcc1e650,0x54822e7a446c3ad0622bcbe65cecf1f69dff470e,["0x00320e0ea7612530bf7289544833d69ee2c2eebb","0xddb0ce3f629bbc4842ae92716412d6b259cbbe9f"],2,100000000000000000
130,0xccfa829f12bd1b7618702ace114a0e464f311f6e,0x69cffa8f3b4f527c70545ffc297efb560375cca2,["0x00b159a054b4b6871ecb6c3a5ca080837953e5a4"],1,3000000000000000000
131,0xce9f93eb7f78fcb7e7d222c81f258535dc218d4b,0xbb1ad01b083f8d870c4c8bc0fb17beb620095bbf,["0x00e0689e16232945f97c27bde102a054e2108670","0x00c1aa575114fbcbf50601059fbe57abd966841a","0x00b3a10c9f17d1e43e05f78b2cb6e1339437cf88"],2,0
132,0xcf6fd94d077a08f4e800ad01ba4faa01d9c27779,0x7154e177056d12ad3f8e096f5f43c63aa0df485c,["0x80958bcf4b0e46fdd6be2765598e866553ce772e","0x26e9632e19fe3a9696d641107cb285606cbb2d75"],2,0
133,0xd0f706bf4738732145344dc407d36b88859c3349,0xc2216632beddb98f88e35b4e2cd8b9f140bb20cd,["0x00073103c819211ef56d0a8ba7f71c11a84aa55f","0xe13540ecee11b212e8b775dc8e71f374aae9b3f8","0x3af5f67d0762b55eddaed71a5045d3f316ee8b37"],2,0
134,0xd12b693156f6bc4c33d73e60424a544bcbe17556,0x4e349ec0dc88ed6b4adb095431eb3e494525ef66,["0x00e8556eb51d1e85d3af28720878e29cdf3450ad"],1,999000000000000000000
135,0xd1f4b2bb61b2dec72d5222a6beb062a9575d6804,0xa8a15ae94025c4b8b057ce82cd93e593b7e75499,["0x00320e0ea7612530bf7289544833d69ee2c2eebb","0x002d35b13a49a7563339e7e412d34ce4c5122640","0x007cfeeab9e60c87c6814383268153d56411ad3c","0x0029590bbff2177ce7f613c419e08ef84fcf8368"],3,1000000000000000000
136,0xd3a15d933bc568ce20e93c617822e2ffb77411ea,0x95e76b1b9ca090e692436d2d068e0a623350570b,["0x00661d2ff918cadd07f194eb6781f7f3af755c48"],1,1000000000000000000000
137,0xd4d2a4b571109ad1397e953ab87d6e5feed031b2,0x8becd4410275e9a28e0f6fb23546916c4b8a4721,["0x00f44a914c11ef5029140f9924d3bb05cf8981b3","0x00126ca168a5d9703ac226e9ad62c27674ee8442"],2,1000000000000000000
138,0xd707e69e6644c2d9709a21acd7b8fbfe5a6de1f6,0xbd1c431f3874e475b3e74c4b7a2754aed252a4dc,["0xe13540ecee11b212e8b775dc8e71f374aae9b3f8","0xae6ff9cff40d7cc8381d39bbd6a4e39c87f6483f","0x002759b2de8bc7442b2d1feb5dc58ea962150a1a"],2,1000000000000000000
139,0xd7c33aaff9e1fe4e970aee0bcf999a0f9c528b75,0xb92ad5be4597e87b540f04c867f2b47d169d32f0,["0xd9400d7f6790c7c20a441f2e7e2876e4b0f0252c","0xf214dde57f32f3f34492ba3148641693058d4a9e","0xc8a1dab586dee8a30cb88c87b8a3614e0a391fc5"],2,0
140,0xd7e7de032e4682cb150e8fe8c8dcbdc99b4c1fff,0x1e05187cf4c993f1038bc38a7b299712915e2956,["0x0048553d4f9e2636b24221bb6a6d01ea978458da"],1,1000000000000000000
141,0xd93719574b0bc5f691f5da8cae9599cec1f202c7,0x3045267e9d268b447fb33125b7ee036e1a33bd14,["0x0019b634253ac43ede8f92b4ffa6815d0188cc21"],1,10000000000000000000
142,0xde7119dc74161341e2f8b4ed1b73c0ccea1a481f,0x275d1336dfc46e5ccdd1f96f2e11c6a84915dbc8,["0x00e46d71a45b1030384ad03ae9d95d3c017ac3f1"],1,1000000000000000000
143,0xdeb5af89cd95eb814be5c1690144d1f2d7143747,0x3f470f6171ad6fa7266637f8b2e08c2e13dec675,["0xbf807a810f645314caddbf130e4ebdf1a4fc9153"],1,5000000000000000000
144,0xdf86984226814e2970ea94fedd9676276fedfacb,0x63f03b198a7c85dc3b8cbf04ba41a424dac39216,["0x005aaaece78f4228aca222de6525cd80135ee04a"],1,1000000000000000000
145,0xe18b0c48a7d1e9dfa333157fa222c783f35044a7,0xe75244fe1bdb7400e5503e5cf3c0fa8f799dbea5,["0x003dd74078c058144e5aa8fd7853b8fcff96a44c"],1,100000000000000000000000000
146,0xe20ec1721fd0a897592d7630786a4a4c848e96a6,0x64d326edcb48a039bcdd33f068243951e016560d,["0xe13540ecee11b212e8b775dc8e71f374aae9b3f8","0xae6ff9cff40d7cc8381d39bbd6a4e39c87f6483f","0x002759b2de8bc7442b2d1feb5dc58ea962150a1a"],2,1000000000000000000
147,0xe50634f6cabc048e069ead7ddda94dcf51173841,0x9b861b672ae2303a508d7b247b882dd4080c5bb6,["0x00be7b23aed36ac2bb3c8c32a92617763b9bf23e"],1,1000000000000000000
148,0xe847fb549244df7d1370fff369ed82e2b894d23f,0xcc667b91f815d2dd59ba43a070cd36aab645f411,["0x00565d7c83ca4000fa1cf76fd53037586382c086"],1,1000000000000000000
149,0xe8ebb13902a7ab342163d2a241c1e4891798b56f,0x1466e20b84c61b28382a2b0bf871c3340580f110,["0x007162d82c79a2f4f8dbffa480ab04699bd05b42"],1,1000000000000000000
150,0xeba90b310b464c20d409de6de7a75735bff63dad,0x99b994cb3fc519db8a2a8739d5afb7945b73222f,["0x0035b29f2ae7d8cb89cf3245ca289cee6b71e671"],1,20000000000000000000
151,0xec0dc7522ff8d3da35924bfaebeb5b8d79121d61,0x37d4715c11d3283c6445542d99ecf2e0abb20370,["0x8351a1c92e701c9feb9f31bced1cf9fce0105590","0x009ebfd6ca2b3a204acbc6542b0d8e52dcc4c8c4","0x0084921fdecbd271f752b9f9bb3e7cf9bfc69461","0x9e451f537b8cc0b63837b6f1283025db796db816","0xea52357c951f0b2c17b9a6ab555e5503d848013a","0x0003b3bf878cbfaf1d3c763177bd9e4816e63e93","0xd816362243f43eeb4d7638ba73a9cd7e5195c330"],4,0
152,0xed1475eee0c969d4877bd05ffdd6bfdc84b821da,0x12b6000043198627dd7f2a0d3858108925d436da,["0x1697c3c6b4359124c1b2a8fb85114c67b6491965","0xa794ec062a5224b0f2526d536eff59436230174d","0xb82c49f378499008562a56a5e93c9320a903332f"],2,10000000000000000000
153,0xefc0290283c59572fc03a6cc433831935477ada3,0x886602554fdfe277dbcd83d0abbc42faa2ed93bd,["0x001355df41b0955d04123e37425256dbbacf0132","0x874e6b766fae6d9a07a0aaa4db94613113646d14","0x5d9b1263fba7ae4e9eca978e95c94361df3872f8","0x00155d5711fa4ffa6c2e7f1c6d46dc071981fa61"],3,1000000000000000000000000
154,0xf2919796ac2b7d4c884bec05cebe92a4b6f1e701,0x97fa510a5aa9430d843afa28fdd24e467742e86c,["0x00661d2ff918cadd07f194eb6781f7f3af755c48"],1,1000000000000000000000
155,0xf39fc9bc6b3d39333c3663e89f887a7c6eeb84eb,0x9fe937a8ea1455ccfffb60034ba6eb9fff614eb5,["0x001844f3aa3ea6a8e7e4051e832d273bae4c37f3"],1,1000000000000000000000
156,0xf3ee7953a11d5ffae24d12a2e8d2d77afb5a2730,0x05c7553432b2e237f7a0f40bb57f735eb68d538f,["0x0088db9e97689c85a29e67d08f1f0e43bc40ae4d","0x75d27075d8d9aa87e54f05a07a52c5a117436cc7","0x0034f7473531239b1799bc7f14ff97d5303a5a93"],2,10000000000000000000
157,0xf6a4384aa41f74714a71e01b3f3faf75a6e879bc,0x5e012e0b8d1616b493021504b2bcdb5d675b8231,["0x0361a2ce309ba0115f2a6cc1478624a0e345d7ef","0x49fa4cdc763790536fea72209e3bc45ab541776b","0x3e37b5b6c94bfa0219cf195ee0773f56d6c8359f"],2,100000000000000000000
158,0xf6e5e2344a12e036d3a4fed39c931e3351cb8cee,0x64003913b20fbeda8a8c5088fd9d79bc991da6b1,["0x003c05bc9e8460965f693d6dadf11327f45d3fbd"],1,1000000000000000000
159,0xf9ee19fa632d737af5614f646c0ce10ec7694031,0xc74ac4333dd62328128202a81396d088349eaf3a,["0x00f3d74df747e2fc800a4e331c4d843a007c5a72"],1,1000000000000000000
160,0xfae8014dc8bd8806421dfa4c538a770b3d3541dd,0x6fd2dfa7ff3202488c37b2a0a7b2e03b1568a8fa,["0xe13540ecee11b212e8b775dc8e71f374aae9b3f8","0x002759b2de8bc7442b2d1feb5dc58ea962150a1a","0xae6ff9cff40d7cc8381d39bbd6a4e39c87f6483f"],2,1000000000000000000
161,0xfbbe877a949e8eb1db740ebb3ef020b20b9fbbfa,0x70edd2792258ee33f0a2e32dfbb51164fceacd30,["0x00e823eac75b86d1804499a82957f2079055b5cb"],1,1000000000000000000
162,0xfd2b11f7e1b58c7f9ccf5479aab8ed4bf7a7ee8b,0xdcae3eac1f6363b04b3c08d1a03ef61268886538,["0x0024d5549bf5c3aca24f1ceaecf50f50c9d92bd7"],1,1000000000000000000000
163,0xfe7e3ee7d3fcd8f3957aafb8348a38d229e4409a,0x923f3958f05395568e98fee5a647be489565fe64,["0x3c8253fbf4ac7fd8957e3d81a1f4968365353134","0xc08b7f7ce643507451b0a78087d8d9406621052e","0x39ed9c270dca8673b70aacef8d03bd1c72783b7b"],2,1000000000000000000
164,0xffa9477927cf6a7cd2ccd4cb23ca2349520ef872,0xf00e828ac68ff18cf563a9cef031fdcb8cd650e2,["0x009c509d412782c07e489df8702cb2333f3ca07a"],1,1000000000000000000
200,0x3b135dbf827508d8ed170548f157bdcd2dc857d3,0x7565976a34efed9c0b70e962e24f183b592cb5f8,["0x00e8005cd0ec82874851f2e4260aa72a044ed88f","0x00fd65feff7f06e45b722cced5d6b577f4e3ab29","0x00a839b016fb61281672775d7b5f8d11eb344bdc","0x00ceeb03c96e4852748ee6ee854b6f49837a207e"],2,50000000000000000000
201,0x327bb6e6fff2c05e542c63b0fcfdd270734738ef,0xd416335e4d5f7b14fc438f259d9e1d5c86477181,["0x0019a83251136740569c9d30ce6f22b1cb3acc87","0x00fd65feff7f06e45b722cced5d6b577f4e3ab29","0x00a839b016fb61281672775d7b5f8d11eb344bdc","0x00ceeb03c96e4852748ee6ee854b6f49837a207e","0x00e0c0e619e3e7326da01a17bfb7322918fdae26","0x00defd3696ff96e5cdf7047a0c1ddb44dc7a3221","0x004f2e78c774bc2057f03b2521d42a7e69cf11a4"],4,1000000000000000000
202,0x7f379a0d99d224d487ae4751cbf261ae6037153e,0xd78b479cc312c9a8b1a9604761258ab3713bb197,["0x022c5b41084d0806b92726950657ba3f091ae92d","0x7cf8e74e6976e7008c63f2591511cee59b10d5ca","0xa38703733e13d6dddcaa4422d9f6451b05f95c67","0xb0ffd0e675fbb80cc262fa01b5256dae2cbff3f4"],3,5000000000000000000
203,0xb32db51ba30c80a21a775635c1b6d6a01754fd06,0x304b8125c34f1f06a844037b86ad10e12ef85006,["0x0029d396902d034b3afe2a1d81d7cb9706d7d694","0x00498cfa51bd36843ff391a37092aef6e661674e","0x993cc51582d2717b832f82febaad5468627351c8"],2,5000000000000000000
204,0xd74401db32ddd23127e7823887c5ca4d81631793,0x2a96caf81ab6884205ded9801b8df8df1d047c00,["0x001ffd2e576f1899d66ea4b2fc9876c7a9fd0851","0x0069fc6947ad93db88cf0947ee039e0b7d1160f9"],2,10000000000000000000
205,0x164c2b90f83b67d897ff00899695430841e38536,0x147df96860e20e30d52c26161a2df98c7bd86e9c,["0x1dc13a6276219040dae085eeba0ed5e94553767a"],1,1000000000000000000
206,0xb4e63046001074b223872137174eec63a7e12cf5,0x05276c19f670ffe7ba6b3bdc94e70c36b4b9dad5,["0xae5d619439631b8f686eef51cba1b9833cd06887","0xc1449d1e45d675f2b2969571bc2166ed2bd6f718","0x1bc49223b4fbdfb6060276063d18d557ab8af14e","0xb43750bcfc90633880469133b522bed3245affd2"],3,10000000000000000000
207,0xb3740cefcc201d5cf1fa59143976332563314d82,0xa1c0ddf6ac868baa85849d4d4e35d539087ff505,["0x00b260bb482c0e1ac096971c0a36af105dd356aa","0x00b878c78ecefd696f3b28256ace183a90a704fa","0x00f0a28be5d0f2b2c902188fd0b9e0190d43c547"],2,0
